net,length_um
net6,90.53µm
net35,90.04µm
diagnostic.x1\[2\],85.98µm
diagnostic.x1\[1\],85.12µm
net37,81.56µm
diagnostic.x2\[1\],80.775µm
net5,77.2µm
diagnostic.x1\[3\],76.04µm
diagnostic.x0\[1\],68.645µm
_334_,67.8µm
net7,67.32µm
clknet_0_clk,66.83µm
net13,65.42µm
_303_,65.03µm
_367_,64.06µm
net14,63.82µm
clknet_2_2__leaf_clk,63.67µm
diagnostic.x0\[0\],60.61µm
_291_,59.88µm
diagnostic.x2\[0\],59.72µm
net15,59.7µm
diagnostic.x0\[3\],58.85µm
clk,57.98µm
net9,57.265µm
net8,57.2µm
diagnostic.x0\[2\],56.58µm
clknet_2_3__leaf_clk,56.34µm
net16,56.305µm
diagnostic.x2\[3\],55.94µm
diagnostic.x1\[0\],55.26µm
clknet_2_0__leaf_clk,55.26µm
net3,54.58µm
diagnostic.x2\[2\],50.42µm
diagnostic.x3\[3\],49.815µm
net36,47.16µm
net11,47.12µm
net23,47.06µm
_059_,46.56µm
clknet_2_1__leaf_clk,46.52µm
net86,45.02µm
_005_,42.945µm
_358_,42.26µm
diagnostic.x3\[2\],42.19µm
net12,41.32µm
_192_,41.06µm
_224_,40.74µm
diagnostic.x3\[0\],40.18µm
net38,40.02µm
net1,39.28µm
diagnostic.x3\[1\],39.06µm
_140_,38.32µm
net4,37.98µm
_172_,36.92µm
net17,35.46µm
_060_,35.34µm
_139_,33.96µm
net10,33.18µm
_360_,32.48µm
_207_,31.52µm
_270_,31.12µm
_185_,31.04µm
_338_,30.55µm
net2,29.68µm
_194_,29.62µm
_317_,29.46µm
_106_,29.1µm
_186_,29.08µm
_288_,28.92µm
_260_,26.9µm
_267_,26.67µm
_085_,26.14µm
_042_,25.98µm
_109_,25.52µm
_166_,25.38µm
_092_,25.36µm
_123_,25.34µm
_080_,25.3µm
_359_,23.96µm
_075_,23.88µm
_245_,23.7µm
_179_,23.38µm
_142_,23.26µm
controller.state\[1\],22.8µm
_332_,22.6µm
net25,22.34µm
net96,22.26µm
_191_,21.92µm
_124_,21.78µm
_208_,21.76µm
_247_,21.62µm
net91,21.5µm
net93,21.39µm
_159_,20.58µm
_095_,20.555µm
y[4],20.46µm
_264_,20.39µm
_230_,19.94µm
_339_,19.94µm
net95,19.88µm
_135_,19.82µm
net88,19.28µm
_070_,19.04µm
_320_,19.04µm
_189_,18.92µm
_205_,18.775µm
_195_,18.66µm
controller.state\[11\],18.6µm
_012_,18.56µm
_225_,18.56µm
_315_,18.05µm
_117_,18µm
_053_,17.96µm
controller.state\[10\],17.66µm
_015_,17.645µm
h3[3],17.45µm
_073_,17.445µm
_149_,17.4µm
controller.state\[4\],17.38µm
_113_,17.37µm
net89,17.36µm
h2[1],17.3µm
_044_,17.24µm
_232_,17.175µm
_088_,17.16µm
net102,17.06µm
_050_,17.03µm
_111_,16.98µm
x[1],16.71µm
_202_,16.68µm
y[6],16.68µm
net92,16.62µm
_120_,16.48µm
_167_,16.4µm
net97,16.4µm
x[0],16.37µm
diag_busy,16.37µm
_083_,16.22µm
_181_,16.18µm
y[9],15.89µm
_324_,15.76µm
_057_,15.74µm
_296_,15.6µm
_353_,15.6µm
y[8],15.43µm
_227_,15.37µm
h1[1],15.13µm
controller.state\[0\],14.96µm
_262_,14.92µm
_134_,14.79µm
_087_,14.76µm
_307_,14.64µm
_184_,14.6µm
_054_,14.56µm
_049_,14.42µm
net69,14.42µm
_362_,14.38µm
net70,14.38µm
y[0],14.36µm
_063_,14.2µm
h3[0],14.08µm
_226_,14µm
x[3],13.97µm
_122_,13.94µm
h1[3],13.93µm
_069_,13.72µm
rst,13.65µm
x[2],13.63µm
y[7],13.59µm
_193_,13.52µm
_248_,13.42µm
_259_,13.42µm
h0[3],13.31µm
_210_,13.24µm
h2[2],13.24µm
h2[3],13.24µm
_116_,13.1µm
_173_,13.08µm
_311_,13.08µm
_168_,13.04µm
_235_,12.96µm
net49,12.96µm
_178_,12.92µm
net45,12.78µm
_348_,12.72µm
start_diag,12.63µm
diag_done,12.56µm
net104,12.56µm
_114_,12.54µm
_263_,12.5µm
_128_,12.46µm
_329_,12.42µm
_175_,12.34µm
_200_,12.34µm
net46,12.32µm
h2[0],12.32µm
y[5],12.32µm
_151_,12.3µm
_031_,12.285µm
_024_,12.265µm
controller.state\[7\],12.2µm
_006_,12.165µm
_099_,12.12µm
net54,12µm
_119_,11.94µm
net52,11.92µm
y[1],11.86µm
_156_,11.84µm
_009_,11.825µm
_330_,11.72µm
_197_,11.49µm
_061_,11.46µm
_104_,11.46µm
y[2],11.46µm
_162_,11.42µm
_065_,11.18µm
_344_,11.16µm
_045_,11.08µm
_121_,11.08µm
_243_,11.08µm
net90,11.03µm
_096_,10.96µm
_336_,10.92µm
_078_,10.88µm
_352_,10.85µm
_204_,10.82µm
_341_,10.76µm
_074_,10.74µm
_354_,10.46µm
_047_,10.36µm
_282_,10.34µm
_301_,10.3µm
_239_,10.28µm
h0[2],10.25µm
_196_,10.24µm
_013_,10.235µm
_072_,10.12µm
_163_,10.12µm
_253_,10.12µm
net43,10.08µm
_039_,10.04µm
_051_,10.04µm
_306_,10.04µm
net47,9.95µm
_211_,9.9µm
_325_,9.9µm
_137_,9.845µm
_126_,9.8µm
_144_,9.8µm
net98,9.78µm
_246_,9.7µm
_082_,9.66µm
_127_,9.58µm
_278_,9.55µm
_077_,9.53µm
y[3],9.5µm
_333_,9.4µm
net48,9.4µm
_132_,9.28µm
net44,9.25µm
h0[1],9.23µm
net,9.14µm
_240_,9.12µm
_276_,9.12µm
_105_,9.04µm
_356_,9.02µm
h0[0],9.01µm
_180_,8.98µm
_216_,8.98µm
_242_,8.98µm
net18,8.94µm
_040_,8.9µm
_310_,8.9µm
net40,8.89µm
net20,8.86µm
_273_,8.84µm
net94,8.84µm
_062_,8.8µm
_295_,8.78µm
_019_,8.68µm
_098_,8.66µm
_033_,8.64µm
net30,8.62µm
_160_,8.6µm
_076_,8.58µm
_164_,8.58µm
h3[1],8.58µm
_058_,8.48µm
_252_,8.46µm
net41,8.46µm
h3[2],8.46µm
_255_,8.44µm
_112_,8.4µm
_244_,8.36µm
_337_,8.36µm
_016_,8.34µm
net22,8.335µm
h1[0],8.33µm
_138_,8.24µm
net39,8.23µm
_038_,8.22µm
_129_,8.22µm
_335_,8.22µm
_361_,8.22µm
net42,8.21µm
h1[2],8.21µm
_150_,8.16µm
_271_,8.1µm
_004_,8.065µm
_347_,8.06µm
net107,8.06µm
_118_,7.98µm
_286_,7.98µm
net53,7.9µm
_125_,7.86µm
_238_,7.83µm
_199_,7.82µm
_084_,7.78µm
_322_,7.74µm
_365_,7.69µm
net27,7.68µm
_157_,7.66µm
_188_,7.64µm
_294_,7.64µm
_321_,7.64µm
_290_,7.6µm
_284_,7.52µm
_131_,7.46µm
_107_,7.4µm
_155_,7.4µm
_355_,7.38µm
_064_,7.32µm
_141_,7.32µm
_035_,7.28µm
_366_,7.22µm
_130_,7.2µm
_174_,7.2µm
_198_,7.18µm
_272_,7.18µm
_206_,7.14µm
net99,7.14µm
_102_,7.12µm
_298_,7.08µm
_340_,7.08µm
_103_,6.98µm
_281_,6.98µm
_328_,6.98µm
_067_,6.94µm
_136_,6.94µm
_007_,6.905µm
_212_,6.87µm
_285_,6.86µm
_221_,6.82µm
controller.test_x\[2\],6.78µm
_231_,6.74µm
controller.state\[2\],6.72µm
_331_,6.7µm
_101_,6.64µm
_023_,6.62µm
_052_,6.62µm
_254_,6.62µm
_236_,6.6µm
_251_,6.6µm
net31,6.6µm
_218_,6.5µm
_171_,6.48µm
_110_,6.4µm
_201_,6.4µm
_342_,6.4µm
_148_,6.36µm
_269_,6.36µm
_066_,6.32µm
_028_,6.275µm
_034_,6.26µm
_258_,6.26µm
_001_,6.225µm
_018_,6.165µm
_037_,6.14µm
_350_,6.14µm
_345_,6.125µm
_220_,6.02µm
_228_,5.92µm
_241_,5.9µm
_256_,5.9µm
net51,5.84µm
_094_,5.82µm
_146_,5.82µm
_364_,5.8µm
controller.state\[5\],5.8µm
net100,5.8µm
_214_,5.7µm
_209_,5.68µm
_021_,5.605µm
_133_,5.56µm
_203_,5.56µm
_215_,5.56µm
_280_,5.56µm
net21,5.52µm
_030_,5.505µm
_100_,5.48µm
_319_,5.41µm
_368_,5.4µm
_222_,5.38µm
_293_,5.38µm
controller.test_x\[0\],5.38µm
_154_,5.36µm
_297_,5.34µm
net106,5.34µm
_182_,5.26µm
_316_,5.26µm
net50,5.26µm
_153_,5.22µm
_257_,5.22µm
_287_,5.22µm
_274_,5.14µm
_327_,5.14µm
_041_,5.1µm
_170_,5.1µm
_213_,5.1µm
net29,5.1µm
_017_,5.045µm
_314_,4.92µm
_089_,4.88µm
_326_,4.88µm
_079_,4.85µm
_002_,4.845µm
_048_,4.83µm
_190_,4.78µm
_152_,4.76µm
_169_,4.76µm
_183_,4.76µm
_237_,4.76µm
net56,4.76µm
_025_,4.7µm
_115_,4.68µm
_147_,4.68µm
_165_,4.68µm
net19,4.68µm
_177_,4.6µm
_312_,4.58µm
_158_,4.56µm
controller.state\[9\],4.46µm
_032_,4.385µm
net57,4.36µm
_217_,4.1µm
_292_,4.1µm
net33,4.1µm
_055_,4.02µm
controller.state\[8\],4.02µm
controller.state\[6\],4µm
_234_,3.98µm
_027_,3.965µm
_056_,3.88µm
_090_,3.88µm
_176_,3.76µm
_223_,3.76µm
_187_,3.56µm
net34,3.56µm
net65,3.56µm
_071_,3.42µm
_275_,3.42µm
_299_,3.42µm
_346_,3.42µm
_349_,3.42µm
_010_,3.32µm
_086_,3.3µm
_351_,3.3µm
_091_,3.22µm
net32,3.18µm
_313_,3.08µm
net87,3.045µm
_043_,2.96µm
net24,2.96µm
_046_,2.84µm
_108_,2.84µm
_219_,2.84µm
_026_,2.835µm
_000_,2.715µm
_097_,2.64µm
_283_,2.62µm
_300_,2.62µm
_304_,2.62µm
_305_,2.62µm
controller.state\[3\],2.62µm
net26,2.62µm
net28,2.62µm
net103,2.62µm
_277_,2.52µm
_363_,2.52µm
net63,2.52µm
_036_,2.5µm
_081_,2.5µm
_145_,2.5µm
_265_,2.5µm
_022_,2.485µm
_093_,2.38µm
net55,2.38µm
_357_,2.18µm
_011_,2.16µm
_250_,2.16µm
net64,2.16µm
net101,2.16µm
_014_,2.145µm
_020_,2.145µm
_029_,2.125µm
net62,2.11µm
_008_,2.085µm
_161_,2.06µm
_229_,2.06µm
_068_,2.04µm
_143_,2.04µm
_266_,2.04µm
_308_,2.04µm
_323_,2.04µm
_343_,2.04µm
_003_,1.865µm
_249_,1.84µm
_318_,1.84µm
_261_,1.7µm
_289_,1.7µm
_309_,1.7µm
controller.test_x\[1\],1.7µm
net105,1.38µm
_279_,0.92µm
_302_,0.92µm
net108,0.92µm
_233_,0.46µm
_268_,0.46µm
