Instance,Terminal,Layer,X location,Y location,Voltage
FILLER_33_197,VPWR,li1,96.3700,100.6400,1.799960
FILLER_33_191,VPWR,li1,93.8400,100.6400,1.799960
FILLER_33_188,VPWR,li1,92.6900,100.6400,1.799960
FILLER_33_185,VPWR,li1,91.3100,100.6400,1.799960
FILLER_33_182,VPWR,li1,89.9300,100.6400,1.799960
FILLER_33_179,VPWR,li1,88.5500,100.6400,1.799960
FILLER_33_169,VPWR,li1,83.4900,100.6400,1.799961
FILLER_33_167,VPWR,li1,82.5700,100.6400,1.799961
FILLER_33_153,VPWR,li1,76.3600,100.6400,1.799963
FILLER_33_141,VPWR,li1,71.0700,100.6400,1.799965
FILLER_33_138,VPWR,li1,69.4600,100.6400,1.799965
FILLER_33_119,VPWR,li1,60.9500,100.6400,1.799969
FILLER_33_116,VPWR,li1,59.5700,100.6400,1.799970
FILLER_33_113,VPWR,li1,58.1900,100.6400,1.799971
FILLER_33_111,VPWR,li1,56.8100,100.6400,1.799971
FILLER_33_108,VPWR,li1,55.8900,100.6400,1.799973
FILLER_33_105,VPWR,li1,54.5100,100.6400,1.799973
FILLER_33_102,VPWR,li1,53.1300,100.6400,1.799974
FILLER_33_99,VPWR,li1,51.7500,100.6400,1.799975
FILLER_33_96,VPWR,li1,50.3700,100.6400,1.799975
FILLER_33_88,VPWR,li1,46.4600,100.6400,1.799977
FILLER_33_85,VPWR,li1,45.3100,100.6400,1.799977
FILLER_33_82,VPWR,li1,43.7000,100.6400,1.799978
FILLER_33_66,VPWR,li1,36.5700,100.6400,1.799983
FILLER_33_63,VPWR,li1,35.1900,100.6400,1.799983
FILLER_33_60,VPWR,li1,33.8100,100.6400,1.799985
FILLER_33_57,VPWR,li1,32.4300,100.6400,1.799985
FILLER_33_53,VPWR,li1,30.5900,100.6400,1.799986
FILLER_33_50,VPWR,li1,29.2100,100.6400,1.799988
FILLER_33_47,VPWR,li1,27.8300,100.6400,1.799988
FILLER_33_44,VPWR,li1,26.4500,100.6400,1.799989
FILLER_33_41,VPWR,li1,25.0700,100.6400,1.799991
FILLER_33_38,VPWR,li1,23.6900,100.6400,1.799991
FILLER_33_35,VPWR,li1,22.3100,100.6400,1.799992
FILLER_33_32,VPWR,li1,20.9300,100.6400,1.799992
FILLER_33_29,VPWR,li1,19.5500,100.6400,1.799992
FILLER_33_27,VPWR,li1,18.1700,100.6400,1.799992
FILLER_33_24,VPWR,li1,17.2500,100.6400,1.799992
FILLER_33_21,VPWR,li1,15.8700,100.6400,1.799992
FILLER_33_18,VPWR,li1,14.4900,100.6400,1.799992
FILLER_33_15,VPWR,li1,13.1100,100.6400,1.799992
FILLER_33_12,VPWR,li1,11.7300,100.6400,1.799992
FILLER_32_197,VPWR,li1,96.3700,100.6400,1.799960
FILLER_32_192,VPWR,li1,94.0700,100.6400,1.799960
FILLER_32_189,VPWR,li1,93.1500,100.6400,1.799960
FILLER_32_186,VPWR,li1,91.7700,100.6400,1.799960
FILLER_32_183,VPWR,li1,90.3900,100.6400,1.799960
FILLER_32_180,VPWR,li1,89.0100,100.6400,1.799960
FILLER_32_121,VPWR,li1,61.6400,100.6400,1.799969
FILLER_32_118,VPWR,li1,60.4900,100.6400,1.799970
FILLER_32_115,VPWR,li1,59.1100,100.6400,1.799970
FILLER_32_112,VPWR,li1,57.7300,100.6400,1.799971
FILLER_32_104,VPWR,li1,53.5900,100.6400,1.799974
FILLER_32_101,VPWR,li1,52.6700,100.6400,1.799974
FILLER_32_83,VPWR,li1,43.9300,100.6400,1.799978
FILLER_32_80,VPWR,li1,43.0100,100.6400,1.799978
FILLER_32_74,VPWR,li1,39.7900,100.6400,1.799980
FILLER_32_71,VPWR,li1,38.8700,100.6400,1.799980
FILLER_32_45,VPWR,li1,26.4500,100.6400,1.799989
FILLER_32_42,VPWR,li1,25.5300,100.6400,1.799989
FILLER_32_18,VPWR,li1,14.4900,100.6400,1.799992
FILLER_32_15,VPWR,li1,13.1100,100.6400,1.799992
FILLER_32_12,VPWR,li1,11.7300,100.6400,1.799992
FILLER_32_9,VPWR,li1,10.3500,100.6400,1.799992
FILLER_31_200,VPWR,li1,97.7500,95.2000,1.799880
FILLER_31_197,VPWR,li1,96.8300,95.2000,1.799880
FILLER_31_187,VPWR,li1,91.7700,95.2000,1.799881
FILLER_31_184,VPWR,li1,90.8500,95.2000,1.799881
FILLER_31_181,VPWR,li1,89.4700,95.2000,1.799884
FILLER_31_178,VPWR,li1,88.0900,95.2000,1.799884
FILLER_31_175,VPWR,li1,86.7100,95.2000,1.799886
FILLER_31_172,VPWR,li1,85.3300,95.2000,1.799888
FILLER_31_169,VPWR,li1,83.9500,95.2000,1.799888
FILLER_31_165,VPWR,li1,82.1100,95.2000,1.799890
FILLER_31_148,VPWR,li1,74.2900,95.2000,1.799900
FILLER_31_145,VPWR,li1,72.9100,95.2000,1.799900
FILLER_31_142,VPWR,li1,71.5300,95.2000,1.799902
FILLER_31_128,VPWR,li1,64.6300,95.2000,1.799910
FILLER_31_113,VPWR,li1,57.7300,95.2000,1.799919
FILLER_31_71,VPWR,li1,38.6400,95.2000,1.799949
FILLER_31_68,VPWR,li1,37.4900,95.2000,1.799949
FILLER_31_53,VPWR,li1,30.5900,95.2000,1.799963
FILLER_31_43,VPWR,li1,25.7600,95.2000,1.799972
FILLER_31_40,VPWR,li1,24.6100,95.2000,1.799972
FILLER_31_37,VPWR,li1,23.2300,95.2000,1.799976
FILLER_31_12,VPWR,li1,11.7300,95.2000,1.799979
FILLER_31_9,VPWR,li1,10.3500,95.2000,1.799979
FILLER_31_6,VPWR,li1,8.9700,95.2000,1.799979
FILLER_31_3,VPWR,li1,7.5900,95.2000,1.799979
FILLER_30_200,VPWR,li1,97.7500,95.2000,1.799880
FILLER_30_197,VPWR,li1,96.8300,95.2000,1.799880
FILLER_30_194,VPWR,li1,95.2200,95.2000,1.799880
FILLER_30_191,VPWR,li1,94.0700,95.2000,1.799880
FILLER_30_188,VPWR,li1,92.6900,95.2000,1.799880
FILLER_30_174,VPWR,li1,86.0200,95.2000,1.799886
FILLER_30_171,VPWR,li1,84.8700,95.2000,1.799888
FILLER_30_168,VPWR,li1,83.4900,95.2000,1.799890
FILLER_30_144,VPWR,li1,72.4500,95.2000,1.799902
FILLER_30_141,VPWR,li1,71.0700,95.2000,1.799902
FILLER_30_137,VPWR,li1,69.2300,95.2000,1.799904
FILLER_30_115,VPWR,li1,58.8800,95.2000,1.799919
FILLER_30_88,VPWR,li1,46.4600,95.2000,1.799935
FILLER_30_85,VPWR,li1,45.3100,95.2000,1.799938
FILLER_30_81,VPWR,li1,43.4700,95.2000,1.799942
FILLER_30_78,VPWR,li1,42.0900,95.2000,1.799942
FILLER_30_75,VPWR,li1,40.7100,95.2000,1.799946
FILLER_30_72,VPWR,li1,39.3300,95.2000,1.799946
FILLER_30_69,VPWR,li1,37.9500,95.2000,1.799949
FILLER_30_41,VPWR,li1,25.0700,95.2000,1.799972
FILLER_30_38,VPWR,li1,23.6900,95.2000,1.799976
FILLER_30_35,VPWR,li1,22.3100,95.2000,1.799976
FILLER_30_27,VPWR,li1,18.1700,95.2000,1.799980
FILLER_30_24,VPWR,li1,17.2500,95.2000,1.799980
FILLER_30_16,VPWR,li1,13.1100,95.2000,1.799979
FILLER_30_9,VPWR,li1,10.1200,95.2000,1.799979
FILLER_30_6,VPWR,li1,8.9700,95.2000,1.799979
FILLER_30_3,VPWR,li1,7.5900,95.2000,1.799979
FILLER_29_200,VPWR,li1,97.7500,89.7600,1.799898
FILLER_29_172,VPWR,li1,85.1000,89.7600,1.799903
FILLER_29_169,VPWR,li1,83.9500,89.7600,1.799905
FILLER_29_167,VPWR,li1,82.5700,89.7600,1.799905
FILLER_29_145,VPWR,li1,72.9100,89.7600,1.799914
FILLER_29_142,VPWR,li1,71.5300,89.7600,1.799916
FILLER_29_139,VPWR,li1,70.1500,89.7600,1.799918
FILLER_29_136,VPWR,li1,68.7700,89.7600,1.799918
FILLER_29_122,VPWR,li1,62.3300,89.7600,1.799925
FILLER_29_119,VPWR,li1,60.9500,89.7600,1.799928
FILLER_29_116,VPWR,li1,59.5700,89.7600,1.799928
FILLER_29_113,VPWR,li1,58.1900,89.7600,1.799930
FILLER_29_110,VPWR,li1,56.5800,89.7600,1.799932
FILLER_29_107,VPWR,li1,55.4300,89.7600,1.799932
FILLER_29_93,VPWR,li1,48.7600,89.7600,1.799941
FILLER_29_90,VPWR,li1,47.6100,89.7600,1.799941
FILLER_29_87,VPWR,li1,46.2300,89.7600,1.799944
FILLER_29_72,VPWR,li1,39.1000,89.7600,1.799954
FILLER_29_69,VPWR,li1,37.9500,89.7600,1.799954
FILLER_29_66,VPWR,li1,36.5700,89.7600,1.799956
FILLER_29_63,VPWR,li1,35.1900,89.7600,1.799960
FILLER_29_60,VPWR,li1,33.8100,89.7600,1.799960
FILLER_29_57,VPWR,li1,32.4300,89.7600,1.799963
FILLER_29_48,VPWR,li1,27.8300,89.7600,1.799969
FILLER_29_45,VPWR,li1,26.9100,89.7600,1.799969
FILLER_29_42,VPWR,li1,25.5300,89.7600,1.799973
FILLER_29_27,VPWR,li1,18.1700,89.7600,1.799978
FILLER_29_24,VPWR,li1,17.2500,89.7600,1.799977
FILLER_29_10,VPWR,li1,10.3500,89.7600,1.799975
FILLER_29_7,VPWR,li1,9.4300,89.7600,1.799975
FILLER_28_200,VPWR,li1,97.7500,89.7600,1.799898
FILLER_28_197,VPWR,li1,96.8300,89.7600,1.799898
FILLER_28_185,VPWR,li1,91.0800,89.7600,1.799900
FILLER_28_168,VPWR,li1,83.4900,89.7600,1.799905
FILLER_28_165,VPWR,li1,82.1100,89.7600,1.799907
FILLER_28_162,VPWR,li1,80.7300,89.7600,1.799907
FILLER_28_159,VPWR,li1,79.3500,89.7600,1.799909
FILLER_28_156,VPWR,li1,77.9700,89.7600,1.799909
FILLER_28_153,VPWR,li1,76.5900,89.7600,1.799912
FILLER_28_150,VPWR,li1,75.2100,89.7600,1.799912
FILLER_28_147,VPWR,li1,73.8300,89.7600,1.799914
FILLER_28_144,VPWR,li1,72.4500,89.7600,1.799916
FILLER_28_141,VPWR,li1,71.0700,89.7600,1.799916
FILLER_28_137,VPWR,li1,69.2300,89.7600,1.799918
FILLER_28_134,VPWR,li1,67.8500,89.7600,1.799921
FILLER_28_131,VPWR,li1,66.4700,89.7600,1.799921
FILLER_28_128,VPWR,li1,65.0900,89.7600,1.799922
FILLER_28_122,VPWR,li1,61.8700,89.7600,1.799925
FILLER_28_119,VPWR,li1,60.9500,89.7600,1.799928
FILLER_28_116,VPWR,li1,59.5700,89.7600,1.799928
FILLER_28_113,VPWR,li1,58.1900,89.7600,1.799930
FILLER_28_110,VPWR,li1,56.8100,89.7600,1.799932
FILLER_28_107,VPWR,li1,55.4300,89.7600,1.799932
FILLER_28_92,VPWR,li1,48.3000,89.7600,1.799941
FILLER_28_89,VPWR,li1,47.1500,89.7600,1.799944
FILLER_28_81,VPWR,li1,43.4700,89.7600,1.799946
FILLER_28_68,VPWR,li1,37.0300,89.7600,1.799956
FILLER_28_65,VPWR,li1,36.1100,89.7600,1.799956
FILLER_28_62,VPWR,li1,34.7300,89.7600,1.799960
FILLER_28_50,VPWR,li1,29.2100,89.7600,1.799966
FILLER_28_47,VPWR,li1,27.8300,89.7600,1.799969
FILLER_28_32,VPWR,li1,20.7000,89.7600,1.799979
FILLER_28_29,VPWR,li1,19.5500,89.7600,1.799978
FILLER_28_13,VPWR,li1,12.1900,89.7600,1.799975
FILLER_27_190,VPWR,li1,93.3800,84.3200,1.799758
FILLER_27_182,VPWR,li1,89.4700,84.3200,1.799764
FILLER_27_166,VPWR,li1,82.3400,84.3200,1.799780
FILLER_27_163,VPWR,li1,81.1900,84.3200,1.799787
FILLER_27_160,VPWR,li1,79.8100,84.3200,1.799787
FILLER_27_157,VPWR,li1,78.4300,84.3200,1.799792
FILLER_27_143,VPWR,li1,71.5300,84.3200,1.799811
FILLER_27_129,VPWR,li1,65.0900,84.3200,1.799824
FILLER_27_119,VPWR,li1,60.9500,84.3200,1.799837
FILLER_27_116,VPWR,li1,59.5700,84.3200,1.799842
FILLER_27_113,VPWR,li1,58.1900,84.3200,1.799842
FILLER_27_98,VPWR,li1,50.8300,84.3200,1.799867
FILLER_27_65,VPWR,li1,35.8800,84.3200,1.799914
FILLER_27_62,VPWR,li1,34.7300,84.3200,1.799914
FILLER_27_55,VPWR,li1,31.0500,84.3200,1.799928
FILLER_27_45,VPWR,li1,26.6800,84.3200,1.799943
FILLER_27_42,VPWR,li1,25.5300,84.3200,1.799950
FILLER_27_39,VPWR,li1,24.1500,84.3200,1.799950
FILLER_27_23,VPWR,li1,16.7900,84.3200,1.799961
FILLER_26_200,VPWR,li1,97.7500,84.3200,1.799755
FILLER_26_197,VPWR,li1,96.8300,84.3200,1.799755
FILLER_26_194,VPWR,li1,95.2200,84.3200,1.799755
FILLER_26_191,VPWR,li1,94.0700,84.3200,1.799758
FILLER_26_176,VPWR,li1,86.9400,84.3200,1.799770
FILLER_26_141,VPWR,li1,70.8400,84.3200,1.799811
FILLER_26_138,VPWR,li1,69.4600,84.3200,1.799816
FILLER_26_135,VPWR,li1,68.3100,84.3200,1.799816
FILLER_26_115,VPWR,li1,58.6500,84.3200,1.799842
FILLER_26_112,VPWR,li1,57.7300,84.3200,1.799847
FILLER_26_109,VPWR,li1,56.3500,84.3200,1.799847
FILLER_26_106,VPWR,li1,54.9700,84.3200,1.799853
FILLER_26_103,VPWR,li1,53.5900,84.3200,1.799858
FILLER_26_100,VPWR,li1,52.2100,84.3200,1.799858
FILLER_26_97,VPWR,li1,50.8300,84.3200,1.799867
FILLER_26_94,VPWR,li1,49.4500,84.3200,1.799867
FILLER_26_91,VPWR,li1,48.0700,84.3200,1.799872
FILLER_26_88,VPWR,li1,46.6900,84.3200,1.799880
FILLER_26_85,VPWR,li1,45.3100,84.3200,1.799880
FILLER_26_76,VPWR,li1,40.9400,84.3200,1.799893
FILLER_26_73,VPWR,li1,39.7900,84.3200,1.799902
FILLER_26_70,VPWR,li1,38.4100,84.3200,1.799902
FILLER_26_49,VPWR,li1,28.7500,84.3200,1.799934
FILLER_26_46,VPWR,li1,27.3700,84.3200,1.799943
FILLER_26_43,VPWR,li1,25.9900,84.3200,1.799943
FILLER_26_40,VPWR,li1,24.6100,84.3200,1.799950
FILLER_26_32,VPWR,li1,20.4700,84.3200,1.799962
FILLER_26_29,VPWR,li1,19.5500,84.3200,1.799962
FILLER_26_25,VPWR,li1,17.7100,84.3200,1.799961
FILLER_26_22,VPWR,li1,16.3300,84.3200,1.799961
FILLER_26_6,VPWR,li1,8.5100,84.3200,1.799960
FILLER_26_3,VPWR,li1,7.5900,84.3200,1.799960
FILLER_25_199,VPWR,li1,97.5200,78.8800,1.799881
FILLER_25_196,VPWR,li1,96.3700,78.8800,1.799881
FILLER_25_175,VPWR,li1,86.2500,78.8800,1.799887
FILLER_25_172,VPWR,li1,85.3300,78.8800,1.799890
FILLER_25_169,VPWR,li1,83.9500,78.8800,1.799890
FILLER_25_165,VPWR,li1,82.1100,78.8800,1.799893
FILLER_25_162,VPWR,li1,80.7300,78.8800,1.799895
FILLER_25_159,VPWR,li1,79.3500,78.8800,1.799898
FILLER_25_156,VPWR,li1,77.9700,78.8800,1.799898
FILLER_25_153,VPWR,li1,76.5900,78.8800,1.799900
FILLER_25_141,VPWR,li1,70.8400,78.8800,1.799906
FILLER_25_122,VPWR,li1,61.8700,78.8800,1.799917
FILLER_25_119,VPWR,li1,60.9500,78.8800,1.799920
FILLER_25_116,VPWR,li1,59.5700,78.8800,1.799920
FILLER_25_113,VPWR,li1,58.1900,78.8800,1.799923
FILLER_25_109,VPWR,li1,56.3500,78.8800,1.799926
FILLER_25_106,VPWR,li1,54.9700,78.8800,1.799928
FILLER_25_103,VPWR,li1,53.5900,78.8800,1.799928
FILLER_25_100,VPWR,li1,52.2100,78.8800,1.799931
FILLER_25_97,VPWR,li1,50.8300,78.8800,1.799931
FILLER_25_94,VPWR,li1,49.4500,78.8800,1.799935
FILLER_25_91,VPWR,li1,48.0700,78.8800,1.799935
FILLER_25_84,VPWR,li1,44.6200,78.8800,1.799940
FILLER_25_78,VPWR,li1,41.6300,78.8800,1.799944
FILLER_25_75,VPWR,li1,40.7100,78.8800,1.799947
FILLER_25_72,VPWR,li1,39.3300,78.8800,1.799950
FILLER_25_69,VPWR,li1,37.9500,78.8800,1.799950
FILLER_25_66,VPWR,li1,36.5700,78.8800,1.799952
FILLER_25_63,VPWR,li1,35.1900,78.8800,1.799956
FILLER_25_60,VPWR,li1,33.8100,78.8800,1.799956
FILLER_25_57,VPWR,li1,32.4300,78.8800,1.799960
FILLER_25_55,VPWR,li1,31.0500,78.8800,1.799960
FILLER_25_52,VPWR,li1,30.1300,78.8800,1.799963
FILLER_25_49,VPWR,li1,28.7500,78.8800,1.799966
FILLER_25_46,VPWR,li1,27.3700,78.8800,1.799966
FILLER_25_43,VPWR,li1,25.9900,78.8800,1.799969
FILLER_25_40,VPWR,li1,24.6100,78.8800,1.799973
FILLER_25_37,VPWR,li1,23.2300,78.8800,1.799973
FILLER_25_34,VPWR,li1,21.8500,78.8800,1.799976
FILLER_24_200,VPWR,li1,97.7500,78.8800,1.799881
FILLER_24_197,VPWR,li1,96.8300,78.8800,1.799881
FILLER_24_172,VPWR,li1,85.1000,78.8800,1.799890
FILLER_24_169,VPWR,li1,83.9500,78.8800,1.799890
FILLER_24_166,VPWR,li1,82.5700,78.8800,1.799893
FILLER_24_153,VPWR,li1,76.1300,78.8800,1.799900
FILLER_24_150,VPWR,li1,75.2100,78.8800,1.799903
FILLER_24_147,VPWR,li1,73.8300,78.8800,1.799903
FILLER_24_144,VPWR,li1,72.4500,78.8800,1.799906
FILLER_24_141,VPWR,li1,71.0700,78.8800,1.799906
FILLER_24_137,VPWR,li1,69.2300,78.8800,1.799908
FILLER_24_134,VPWR,li1,67.8500,78.8800,1.799912
FILLER_24_131,VPWR,li1,66.4700,78.8800,1.799912
FILLER_24_128,VPWR,li1,65.0900,78.8800,1.799915
FILLER_24_125,VPWR,li1,63.7100,78.8800,1.799915
FILLER_24_119,VPWR,li1,60.4900,78.8800,1.799920
FILLER_24_116,VPWR,li1,59.5700,78.8800,1.799920
FILLER_24_113,VPWR,li1,58.1900,78.8800,1.799923
FILLER_24_110,VPWR,li1,56.8100,78.8800,1.799926
FILLER_24_107,VPWR,li1,55.4300,78.8800,1.799926
FILLER_24_88,VPWR,li1,46.2300,78.8800,1.799938
FILLER_24_85,VPWR,li1,45.3100,78.8800,1.799940
FILLER_24_76,VPWR,li1,40.7100,78.8800,1.799947
FILLER_24_73,VPWR,li1,39.7900,78.8800,1.799947
FILLER_24_70,VPWR,li1,38.4100,78.8800,1.799950
FILLER_24_62,VPWR,li1,34.2700,78.8800,1.799956
FILLER_24_53,VPWR,li1,30.1300,78.8800,1.799963
FILLER_24_50,VPWR,li1,29.2100,78.8800,1.799963
FILLER_24_29,VPWR,li1,19.5500,78.8800,1.799976
FILLER_24_20,VPWR,li1,15.1800,78.8800,1.799974
FILLER_23_200,VPWR,li1,97.7500,73.4400,1.799887
FILLER_23_197,VPWR,li1,96.8300,73.4400,1.799887
FILLER_23_194,VPWR,li1,95.4500,73.4400,1.799887
FILLER_23_172,VPWR,li1,85.3300,73.4400,1.799890
FILLER_23_169,VPWR,li1,83.9500,73.4400,1.799892
FILLER_23_167,VPWR,li1,82.5700,73.4400,1.799892
FILLER_23_151,VPWR,li1,75.6700,73.4400,1.799898
FILLER_23_148,VPWR,li1,74.2900,73.4400,1.799898
FILLER_23_145,VPWR,li1,72.9100,73.4400,1.799900
FILLER_23_142,VPWR,li1,71.5300,73.4400,1.799900
FILLER_23_139,VPWR,li1,70.1500,73.4400,1.799902
FILLER_23_136,VPWR,li1,68.7700,73.4400,1.799903
FILLER_23_133,VPWR,li1,67.3900,73.4400,1.799903
FILLER_23_116,VPWR,li1,59.3400,73.4400,1.799911
FILLER_23_113,VPWR,li1,58.1900,73.4400,1.799911
FILLER_23_90,VPWR,li1,47.3800,73.4400,1.799926
FILLER_23_49,VPWR,li1,28.5200,73.4400,1.799963
FILLER_23_46,VPWR,li1,27.3700,73.4400,1.799963
FILLER_23_43,VPWR,li1,25.9900,73.4400,1.799968
FILLER_23_28,VPWR,li1,18.8600,73.4400,1.799975
FILLER_23_25,VPWR,li1,17.7100,73.4400,1.799975
FILLER_22_200,VPWR,li1,97.7500,73.4400,1.799887
FILLER_22_197,VPWR,li1,96.8300,73.4400,1.799887
FILLER_22_194,VPWR,li1,95.2200,73.4400,1.799887
FILLER_22_160,VPWR,li1,79.8100,73.4400,1.799894
FILLER_22_154,VPWR,li1,76.5900,73.4400,1.799896
FILLER_22_139,VPWR,li1,69.6900,73.4400,1.799902
FILLER_22_111,VPWR,li1,57.2700,73.4400,1.799913
FILLER_22_108,VPWR,li1,55.8900,73.4400,1.799913
FILLER_22_92,VPWR,li1,48.5300,73.4400,1.799923
FILLER_22_85,VPWR,li1,45.0800,73.4400,1.799931
FILLER_22_82,VPWR,li1,43.7000,73.4400,1.799934
FILLER_22_79,VPWR,li1,42.5500,73.4400,1.799934
FILLER_22_76,VPWR,li1,41.1700,73.4400,1.799939
FILLER_22_73,VPWR,li1,39.7900,73.4400,1.799939
FILLER_22_70,VPWR,li1,38.4100,73.4400,1.799945
FILLER_22_67,VPWR,li1,37.0300,73.4400,1.799945
FILLER_22_56,VPWR,li1,31.9700,73.4400,1.799954
FILLER_22_35,VPWR,li1,22.3100,73.4400,1.799976
FILLER_22_32,VPWR,li1,20.9300,73.4400,1.799976
FILLER_22_29,VPWR,li1,19.5500,73.4400,1.799975
FILLER_22_25,VPWR,li1,17.7100,73.4400,1.799975
FILLER_22_22,VPWR,li1,16.3300,73.4400,1.799975
FILLER_22_6,VPWR,li1,8.5100,73.4400,1.799974
FILLER_22_3,VPWR,li1,7.5900,73.4400,1.799974
FILLER_21_198,VPWR,li1,97.2900,68.0000,1.799867
FILLER_21_195,VPWR,li1,95.9100,68.0000,1.799867
FILLER_21_172,VPWR,li1,84.8700,68.0000,1.799878
FILLER_21_169,VPWR,li1,83.9500,68.0000,1.799878
FILLER_21_162,VPWR,li1,80.2700,68.0000,1.799884
FILLER_21_159,VPWR,li1,79.3500,68.0000,1.799884
FILLER_21_156,VPWR,li1,77.9700,68.0000,1.799889
FILLER_21_153,VPWR,li1,76.5900,68.0000,1.799889
FILLER_21_150,VPWR,li1,75.2100,68.0000,1.799893
FILLER_21_147,VPWR,li1,73.8300,68.0000,1.799893
FILLER_21_139,VPWR,li1,69.6900,68.0000,1.799899
FILLER_21_131,VPWR,li1,66.2400,68.0000,1.799905
FILLER_21_122,VPWR,li1,62.3300,68.0000,1.799911
FILLER_21_119,VPWR,li1,60.9500,68.0000,1.799911
FILLER_21_116,VPWR,li1,59.5700,68.0000,1.799915
FILLER_21_113,VPWR,li1,58.1900,68.0000,1.799917
FILLER_21_111,VPWR,li1,56.8100,68.0000,1.799917
FILLER_21_108,VPWR,li1,55.8900,68.0000,1.799921
FILLER_21_105,VPWR,li1,54.5100,68.0000,1.799921
FILLER_21_102,VPWR,li1,53.1300,68.0000,1.799924
FILLER_21_99,VPWR,li1,51.7500,68.0000,1.799927
FILLER_21_96,VPWR,li1,50.3700,68.0000,1.799927
FILLER_21_93,VPWR,li1,48.9900,68.0000,1.799930
FILLER_21_63,VPWR,li1,35.1900,68.0000,1.799954
FILLER_21_60,VPWR,li1,33.8100,68.0000,1.799957
FILLER_21_57,VPWR,li1,32.4300,68.0000,1.799957
FILLER_21_53,VPWR,li1,30.5900,68.0000,1.799960
FILLER_21_50,VPWR,li1,29.2100,68.0000,1.799965
FILLER_21_47,VPWR,li1,27.8300,68.0000,1.799965
FILLER_21_44,VPWR,li1,26.4500,68.0000,1.799969
FILLER_21_41,VPWR,li1,25.0700,68.0000,1.799973
FILLER_21_38,VPWR,li1,23.6900,68.0000,1.799973
FILLER_21_35,VPWR,li1,22.3100,68.0000,1.799977
FILLER_21_28,VPWR,li1,18.6300,68.0000,1.799975
FILLER_21_25,VPWR,li1,17.7100,68.0000,1.799975
FILLER_21_22,VPWR,li1,16.3300,68.0000,1.799975
FILLER_21_19,VPWR,li1,14.9500,68.0000,1.799975
FILLER_21_16,VPWR,li1,13.5700,68.0000,1.799975
FILLER_21_10,VPWR,li1,10.3500,68.0000,1.799974
FILLER_21_7,VPWR,li1,9.4300,68.0000,1.799974
FILLER_20_200,VPWR,li1,97.7500,68.0000,1.799867
FILLER_20_197,VPWR,li1,96.8300,68.0000,1.799867
FILLER_20_168,VPWR,li1,83.4900,68.0000,1.799878
FILLER_20_165,VPWR,li1,82.1100,68.0000,1.799881
FILLER_20_162,VPWR,li1,80.7300,68.0000,1.799884
FILLER_20_159,VPWR,li1,79.3500,68.0000,1.799884
FILLER_20_156,VPWR,li1,77.9700,68.0000,1.799889
FILLER_20_153,VPWR,li1,76.5900,68.0000,1.799889
FILLER_20_150,VPWR,li1,75.2100,68.0000,1.799893
FILLER_20_147,VPWR,li1,73.8300,68.0000,1.799893
FILLER_20_144,VPWR,li1,72.4500,68.0000,1.799896
FILLER_20_141,VPWR,li1,71.0700,68.0000,1.799899
FILLER_20_138,VPWR,li1,69.4600,68.0000,1.799899
FILLER_20_135,VPWR,li1,68.3100,68.0000,1.799903
FILLER_20_132,VPWR,li1,66.9300,68.0000,1.799903
FILLER_20_126,VPWR,li1,63.7100,68.0000,1.799909
FILLER_20_123,VPWR,li1,62.7900,68.0000,1.799909
FILLER_20_120,VPWR,li1,61.4100,68.0000,1.799911
FILLER_20_117,VPWR,li1,60.0300,68.0000,1.799915
FILLER_20_114,VPWR,li1,58.6500,68.0000,1.799915
FILLER_20_111,VPWR,li1,57.2700,68.0000,1.799917
FILLER_20_108,VPWR,li1,55.8900,68.0000,1.799921
FILLER_20_105,VPWR,li1,54.5100,68.0000,1.799921
FILLER_20_102,VPWR,li1,53.1300,68.0000,1.799924
FILLER_20_99,VPWR,li1,51.7500,68.0000,1.799927
FILLER_20_85,VPWR,li1,44.8500,68.0000,1.799937
FILLER_20_83,VPWR,li1,43.9300,68.0000,1.799937
FILLER_20_80,VPWR,li1,43.0100,68.0000,1.799940
FILLER_20_77,VPWR,li1,41.6300,68.0000,1.799940
FILLER_20_74,VPWR,li1,40.2500,68.0000,1.799945
FILLER_20_71,VPWR,li1,38.8700,68.0000,1.799945
FILLER_20_64,VPWR,li1,35.1900,68.0000,1.799954
FILLER_20_61,VPWR,li1,34.2700,68.0000,1.799954
FILLER_20_58,VPWR,li1,32.8900,68.0000,1.799957
FILLER_20_55,VPWR,li1,31.5100,68.0000,1.799960
FILLER_20_46,VPWR,li1,26.9100,68.0000,1.799969
FILLER_20_43,VPWR,li1,25.9900,68.0000,1.799969
FILLER_20_29,VPWR,li1,19.3200,68.0000,1.799976
FILLER_20_27,VPWR,li1,18.1700,68.0000,1.799975
FILLER_20_21,VPWR,li1,15.6400,68.0000,1.799975
FILLER_20_18,VPWR,li1,14.4900,68.0000,1.799975
FILLER_20_15,VPWR,li1,13.1100,68.0000,1.799975
FILLER_20_9,VPWR,li1,9.8900,68.0000,1.799974
FILLER_20_6,VPWR,li1,8.9700,68.0000,1.799974
FILLER_20_3,VPWR,li1,7.5900,68.0000,1.799974
FILLER_19_167,VPWR,li1,82.5700,62.5600,1.799871
FILLER_19_158,VPWR,li1,78.6600,62.5600,1.799875
FILLER_19_145,VPWR,li1,72.4500,62.5600,1.799882
FILLER_19_142,VPWR,li1,71.5300,62.5600,1.799885
FILLER_19_128,VPWR,li1,64.6300,62.5600,1.799891
FILLER_19_122,VPWR,li1,61.8700,62.5600,1.799895
FILLER_19_119,VPWR,li1,60.9500,62.5600,1.799897
FILLER_19_116,VPWR,li1,59.5700,62.5600,1.799897
FILLER_19_113,VPWR,li1,58.1900,62.5600,1.799900
FILLER_19_110,VPWR,li1,56.5800,62.5600,1.799902
FILLER_19_107,VPWR,li1,55.4300,62.5600,1.799902
FILLER_19_84,VPWR,li1,44.8500,62.5600,1.799923
FILLER_19_81,VPWR,li1,43.4700,62.5600,1.799923
FILLER_19_63,VPWR,li1,34.7300,62.5600,1.799944
FILLER_19_60,VPWR,li1,33.8100,62.5600,1.799944
FILLER_19_57,VPWR,li1,32.4300,62.5600,1.799948
FILLER_19_55,VPWR,li1,31.0500,62.5600,1.799952
FILLER_19_52,VPWR,li1,30.1300,62.5600,1.799952
FILLER_19_36,VPWR,li1,22.7700,62.5600,1.799972
FILLER_19_33,VPWR,li1,21.3900,62.5600,1.799972
FILLER_19_6,VPWR,li1,8.9700,62.5600,1.799969
FILLER_19_3,VPWR,li1,7.5900,62.5600,1.799969
FILLER_18_200,VPWR,li1,97.7500,62.5600,1.799862
FILLER_18_197,VPWR,li1,96.8300,62.5600,1.799862
FILLER_18_194,VPWR,li1,95.2200,62.5600,1.799862
FILLER_18_154,VPWR,li1,76.5900,62.5600,1.799877
FILLER_18_138,VPWR,li1,69.4600,62.5600,1.799887
FILLER_18_135,VPWR,li1,68.3100,62.5600,1.799887
FILLER_18_127,VPWR,li1,64.4000,62.5600,1.799891
FILLER_18_100,VPWR,li1,51.7500,62.5600,1.799907
FILLER_18_85,VPWR,li1,45.3100,62.5600,1.799919
FILLER_18_59,VPWR,li1,33.1200,62.5600,1.799948
FILLER_18_56,VPWR,li1,31.9700,62.5600,1.799948
FILLER_18_53,VPWR,li1,30.5900,62.5600,1.799952
FILLER_18_32,VPWR,li1,20.4700,62.5600,1.799971
FILLER_18_29,VPWR,li1,19.5500,62.5600,1.799971
FILLER_18_25,VPWR,li1,17.7100,62.5600,1.799970
FILLER_17_181,VPWR,li1,89.0100,57.1200,1.799820
FILLER_17_172,VPWR,li1,84.8700,57.1200,1.799828
FILLER_17_169,VPWR,li1,83.9500,57.1200,1.799833
FILLER_17_166,VPWR,li1,82.3400,57.1200,1.799833
FILLER_17_163,VPWR,li1,81.1900,57.1200,1.799837
FILLER_17_148,VPWR,li1,74.2900,57.1200,1.799850
FILLER_17_145,VPWR,li1,72.9100,57.1200,1.799853
FILLER_17_140,VPWR,li1,70.3800,57.1200,1.799858
FILLER_17_137,VPWR,li1,69.2300,57.1200,1.799863
FILLER_17_134,VPWR,li1,67.8500,57.1200,1.799863
FILLER_17_128,VPWR,li1,64.6300,57.1200,1.799873
FILLER_17_125,VPWR,li1,63.7100,57.1200,1.799873
FILLER_17_116,VPWR,li1,59.1100,57.1200,1.799882
FILLER_17_113,VPWR,li1,58.1900,57.1200,1.799887
FILLER_17_110,VPWR,li1,56.5800,57.1200,1.799887
FILLER_17_107,VPWR,li1,55.4300,57.1200,1.799892
FILLER_17_104,VPWR,li1,54.0500,57.1200,1.799892
FILLER_17_101,VPWR,li1,52.6700,57.1200,1.799898
FILLER_17_98,VPWR,li1,51.2900,57.1200,1.799898
FILLER_17_95,VPWR,li1,49.9100,57.1200,1.799904
FILLER_17_92,VPWR,li1,48.5300,57.1200,1.799904
FILLER_17_78,VPWR,li1,41.6300,57.1200,1.799920
FILLER_17_63,VPWR,li1,34.9600,57.1200,1.799940
FILLER_17_60,VPWR,li1,33.8100,57.1200,1.799940
FILLER_17_57,VPWR,li1,32.4300,57.1200,1.799945
FILLER_17_53,VPWR,li1,30.5900,57.1200,1.799950
FILLER_17_50,VPWR,li1,29.2100,57.1200,1.799950
FILLER_17_47,VPWR,li1,27.8300,57.1200,1.799957
FILLER_17_44,VPWR,li1,26.4500,57.1200,1.799957
FILLER_17_41,VPWR,li1,25.0700,57.1200,1.799965
FILLER_17_38,VPWR,li1,23.6900,57.1200,1.799965
FILLER_17_9,VPWR,li1,9.8900,57.1200,1.799968
FILLER_17_6,VPWR,li1,8.9700,57.1200,1.799968
FILLER_17_3,VPWR,li1,7.5900,57.1200,1.799968
FILLER_16_200,VPWR,li1,97.7500,57.1200,1.799816
FILLER_16_197,VPWR,li1,96.8300,57.1200,1.799816
FILLER_16_167,VPWR,li1,82.8000,57.1200,1.799833
FILLER_16_164,VPWR,li1,81.6500,57.1200,1.799837
FILLER_16_161,VPWR,li1,80.2700,57.1200,1.799837
FILLER_16_129,VPWR,li1,65.5500,57.1200,1.799868
FILLER_16_119,VPWR,li1,60.7200,57.1200,1.799882
FILLER_16_116,VPWR,li1,59.5700,57.1200,1.799882
FILLER_16_113,VPWR,li1,58.1900,57.1200,1.799887
FILLER_16_110,VPWR,li1,56.8100,57.1200,1.799887
FILLER_16_107,VPWR,li1,55.4300,57.1200,1.799892
FILLER_16_104,VPWR,li1,54.0500,57.1200,1.799892
FILLER_16_101,VPWR,li1,52.6700,57.1200,1.799898
FILLER_16_85,VPWR,li1,45.3100,57.1200,1.799914
FILLER_16_83,VPWR,li1,43.9300,57.1200,1.799914
FILLER_16_80,VPWR,li1,43.0100,57.1200,1.799920
FILLER_16_77,VPWR,li1,41.6300,57.1200,1.799920
FILLER_16_74,VPWR,li1,40.2500,57.1200,1.799927
FILLER_16_71,VPWR,li1,38.8700,57.1200,1.799927
FILLER_16_68,VPWR,li1,37.4900,57.1200,1.799933
FILLER_16_65,VPWR,li1,36.1100,57.1200,1.799933
FILLER_16_62,VPWR,li1,34.7300,57.1200,1.799940
FILLER_16_59,VPWR,li1,33.3500,57.1200,1.799940
FILLER_16_45,VPWR,li1,26.4500,57.1200,1.799957
FILLER_16_29,VPWR,li1,19.5500,57.1200,1.799970
FILLER_16_27,VPWR,li1,18.1700,57.1200,1.799969
FILLER_16_3,VPWR,li1,7.5900,57.1200,1.799968
FILLER_15_196,VPWR,li1,95.9100,51.6800,1.799818
FILLER_15_172,VPWR,li1,84.8700,51.6800,1.799827
FILLER_15_169,VPWR,li1,83.9500,51.6800,1.799831
FILLER_15_167,VPWR,li1,82.5700,51.6800,1.799831
FILLER_15_164,VPWR,li1,81.6500,51.6800,1.799834
FILLER_15_161,VPWR,li1,80.2700,51.6800,1.799834
FILLER_15_155,VPWR,li1,77.0500,51.6800,1.799842
FILLER_15_148,VPWR,li1,74.0600,51.6800,1.799848
FILLER_15_141,VPWR,li1,71.0700,51.6800,1.799852
FILLER_15_138,VPWR,li1,69.6900,51.6800,1.799855
FILLER_15_135,VPWR,li1,68.3100,51.6800,1.799855
FILLER_15_132,VPWR,li1,66.9300,51.6800,1.799860
FILLER_15_129,VPWR,li1,65.5500,51.6800,1.799860
FILLER_15_119,VPWR,li1,60.7200,51.6800,1.799870
FILLER_15_116,VPWR,li1,59.5700,51.6800,1.799870
FILLER_15_113,VPWR,li1,58.1900,51.6800,1.799874
FILLER_15_109,VPWR,li1,56.3500,51.6800,1.799878
FILLER_15_106,VPWR,li1,54.9700,51.6800,1.799878
FILLER_15_103,VPWR,li1,53.5900,51.6800,1.799885
FILLER_15_100,VPWR,li1,52.2100,51.6800,1.799885
FILLER_15_90,VPWR,li1,47.1500,51.6800,1.799899
FILLER_15_87,VPWR,li1,46.2300,51.6800,1.799899
FILLER_15_84,VPWR,li1,44.8500,51.6800,1.799904
FILLER_15_81,VPWR,li1,43.4700,51.6800,1.799910
FILLER_15_78,VPWR,li1,42.0900,51.6800,1.799910
FILLER_15_75,VPWR,li1,40.7100,51.6800,1.799918
FILLER_15_72,VPWR,li1,39.3300,51.6800,1.799918
FILLER_15_63,VPWR,li1,34.7300,51.6800,1.799933
FILLER_15_60,VPWR,li1,33.8100,51.6800,1.799933
FILLER_15_57,VPWR,li1,32.4300,51.6800,1.799939
FILLER_15_54,VPWR,li1,30.8200,51.6800,1.799945
FILLER_15_51,VPWR,li1,29.6700,51.6800,1.799945
FILLER_15_42,VPWR,li1,25.3000,51.6800,1.799960
FILLER_15_39,VPWR,li1,24.1500,51.6800,1.799960
FILLER_15_36,VPWR,li1,22.7700,51.6800,1.799967
FILLER_15_3,VPWR,li1,7.1300,51.6800,1.799963
FILLER_14_200,VPWR,li1,97.7500,51.6800,1.799818
FILLER_14_197,VPWR,li1,96.8300,51.6800,1.799818
FILLER_14_182,VPWR,li1,89.4700,51.6800,1.799822
FILLER_14_158,VPWR,li1,78.4300,51.6800,1.799839
FILLER_14_155,VPWR,li1,77.5100,51.6800,1.799839
FILLER_14_147,VPWR,li1,73.8300,51.6800,1.799848
FILLER_14_144,VPWR,li1,72.4500,51.6800,1.799848
FILLER_14_141,VPWR,li1,71.0700,51.6800,1.799852
FILLER_14_138,VPWR,li1,69.4600,51.6800,1.799855
FILLER_14_135,VPWR,li1,68.3100,51.6800,1.799855
FILLER_14_122,VPWR,li1,62.3300,51.6800,1.799865
FILLER_14_119,VPWR,li1,60.9500,51.6800,1.799870
FILLER_14_100,VPWR,li1,51.9800,51.6800,1.799885
FILLER_14_82,VPWR,li1,43.7000,51.6800,1.799910
FILLER_14_75,VPWR,li1,40.4800,51.6800,1.799918
FILLER_14_72,VPWR,li1,39.3300,51.6800,1.799918
FILLER_14_52,VPWR,li1,29.9000,51.6800,1.799945
FILLER_14_49,VPWR,li1,28.7500,51.6800,1.799951
FILLER_14_46,VPWR,li1,27.3700,51.6800,1.799951
FILLER_14_35,VPWR,li1,21.8500,51.6800,1.799967
FILLER_14_32,VPWR,li1,20.9300,51.6800,1.799966
FILLER_14_29,VPWR,li1,19.5500,51.6800,1.799966
FILLER_14_25,VPWR,li1,17.7100,51.6800,1.799965
FILLER_14_12,VPWR,li1,11.7300,51.6800,1.799964
FILLER_13_185,VPWR,li1,91.3100,46.2400,1.799697
FILLER_13_182,VPWR,li1,89.9300,46.2400,1.799697
FILLER_13_179,VPWR,li1,88.5500,46.2400,1.799701
FILLER_13_176,VPWR,li1,87.1700,46.2400,1.799701
FILLER_13_165,VPWR,li1,82.1100,46.2400,1.799712
FILLER_13_155,VPWR,li1,77.2800,46.2400,1.799723
FILLER_13_152,VPWR,li1,76.1300,46.2400,1.799723
FILLER_13_149,VPWR,li1,74.7500,46.2400,1.799730
FILLER_13_146,VPWR,li1,73.3700,46.2400,1.799730
FILLER_13_139,VPWR,li1,69.9200,46.2400,1.799739
FILLER_13_125,VPWR,li1,63.2500,46.2400,1.799756
FILLER_13_122,VPWR,li1,62.3300,46.2400,1.799756
FILLER_13_119,VPWR,li1,60.9500,46.2400,1.799763
FILLER_13_116,VPWR,li1,59.5700,46.2400,1.799763
FILLER_13_113,VPWR,li1,58.1900,46.2400,1.799769
FILLER_13_76,VPWR,li1,41.1700,46.2400,1.799832
FILLER_13_60,VPWR,li1,33.3500,46.2400,1.799857
FILLER_13_57,VPWR,li1,32.4300,46.2400,1.799865
FILLER_13_45,VPWR,li1,26.9100,46.2400,1.799883
FILLER_13_36,VPWR,li1,22.3100,46.2400,1.799913
FILLER_13_33,VPWR,li1,21.3900,46.2400,1.799913
FILLER_13_30,VPWR,li1,20.0100,46.2400,1.799910
FILLER_13_17,VPWR,li1,13.5700,46.2400,1.799906
FILLER_13_14,VPWR,li1,12.6500,46.2400,1.799904
FILLER_13_11,VPWR,li1,11.2700,46.2400,1.799904
FILLER_12_200,VPWR,li1,97.7500,46.2400,1.799689
FILLER_12_197,VPWR,li1,96.8300,46.2400,1.799689
FILLER_12_185,VPWR,li1,90.8500,46.2400,1.799697
FILLER_12_182,VPWR,li1,89.9300,46.2400,1.799697
FILLER_12_163,VPWR,li1,81.1900,46.2400,1.799712
FILLER_12_153,VPWR,li1,76.5900,46.2400,1.799723
FILLER_12_147,VPWR,li1,73.3700,46.2400,1.799730
FILLER_12_138,VPWR,li1,69.4600,46.2400,1.799739
FILLER_12_135,VPWR,li1,68.3100,46.2400,1.799745
FILLER_12_132,VPWR,li1,66.9300,46.2400,1.799745
FILLER_12_129,VPWR,li1,65.5500,46.2400,1.799752
FILLER_12_126,VPWR,li1,64.1700,46.2400,1.799752
FILLER_12_103,VPWR,li1,53.1300,46.2400,1.799781
FILLER_12_88,VPWR,li1,46.2300,46.2400,1.799811
FILLER_12_85,VPWR,li1,45.3100,46.2400,1.799811
FILLER_12_81,VPWR,li1,43.4700,46.2400,1.799819
FILLER_12_74,VPWR,li1,39.7900,46.2400,1.799832
FILLER_12_49,VPWR,li1,28.2900,46.2400,1.799883
FILLER_12_26,VPWR,li1,17.9400,46.2400,1.799909
FILLER_12_23,VPWR,li1,16.7900,46.2400,1.799909
FILLER_12_3,VPWR,li1,7.5900,46.2400,1.799903
FILLER_11_172,VPWR,li1,85.1000,40.8000,1.799687
FILLER_11_169,VPWR,li1,83.9500,40.8000,1.799689
FILLER_11_160,VPWR,li1,79.8100,40.8000,1.799692
FILLER_11_157,VPWR,li1,78.4300,40.8000,1.799692
FILLER_11_154,VPWR,li1,77.0500,40.8000,1.799694
FILLER_11_151,VPWR,li1,75.6700,40.8000,1.799694
FILLER_11_148,VPWR,li1,74.2900,40.8000,1.799696
FILLER_11_145,VPWR,li1,72.9100,40.8000,1.799696
FILLER_11_142,VPWR,li1,71.5300,40.8000,1.799697
FILLER_11_139,VPWR,li1,70.1500,40.8000,1.799699
FILLER_11_136,VPWR,li1,68.7700,40.8000,1.799699
FILLER_11_133,VPWR,li1,67.3900,40.8000,1.799701
FILLER_11_130,VPWR,li1,66.0100,40.8000,1.799701
FILLER_11_116,VPWR,li1,59.1100,40.8000,1.799707
FILLER_11_113,VPWR,li1,58.1900,40.8000,1.799709
FILLER_11_111,VPWR,li1,56.8100,40.8000,1.799709
FILLER_11_72,VPWR,li1,39.1000,40.8000,1.799779
FILLER_11_57,VPWR,li1,31.9700,40.8000,1.799828
FILLER_11_47,VPWR,li1,27.3700,40.8000,1.799858
FILLER_11_6,VPWR,li1,8.5100,40.8000,1.799887
FILLER_11_3,VPWR,li1,7.5900,40.8000,1.799887
FILLER_10_200,VPWR,li1,97.7500,40.8000,1.799684
FILLER_10_197,VPWR,li1,96.8300,40.8000,1.799684
FILLER_10_175,VPWR,li1,86.2500,40.8000,1.799687
FILLER_10_172,VPWR,li1,85.3300,40.8000,1.799687
FILLER_10_169,VPWR,li1,83.9500,40.8000,1.799689
FILLER_10_166,VPWR,li1,82.5700,40.8000,1.799690
FILLER_10_163,VPWR,li1,81.1900,40.8000,1.799690
FILLER_10_147,VPWR,li1,73.8300,40.8000,1.799696
FILLER_10_144,VPWR,li1,72.4500,40.8000,1.799697
FILLER_10_141,VPWR,li1,71.0700,40.8000,1.799697
FILLER_10_137,VPWR,li1,69.2300,40.8000,1.799699
FILLER_10_118,VPWR,li1,60.4900,40.8000,1.799707
FILLER_10_115,VPWR,li1,59.1100,40.8000,1.799707
FILLER_10_100,VPWR,li1,51.7500,40.8000,1.799713
FILLER_10_85,VPWR,li1,44.8500,40.8000,1.799753
FILLER_10_49,VPWR,li1,28.2900,40.8000,1.799858
FILLER_10_46,VPWR,li1,27.3700,40.8000,1.799858
FILLER_10_25,VPWR,li1,17.7100,40.8000,1.799892
FILLER_9_192,VPWR,li1,94.0700,35.3600,1.799775
FILLER_9_178,VPWR,li1,87.6300,35.3600,1.799778
FILLER_9_175,VPWR,li1,86.7100,35.3600,1.799778
FILLER_9_172,VPWR,li1,85.3300,35.3600,1.799779
FILLER_9_169,VPWR,li1,83.9500,35.3600,1.799780
FILLER_9_167,VPWR,li1,82.5700,35.3600,1.799780
FILLER_9_160,VPWR,li1,79.5800,35.3600,1.799782
FILLER_9_157,VPWR,li1,78.4300,35.3600,1.799782
FILLER_9_154,VPWR,li1,77.0500,35.3600,1.799783
FILLER_9_151,VPWR,li1,75.6700,35.3600,1.799784
FILLER_9_148,VPWR,li1,74.2900,35.3600,1.799784
FILLER_9_135,VPWR,li1,68.3100,35.3600,1.799787
FILLER_9_122,VPWR,li1,61.8700,35.3600,1.799791
FILLER_9_119,VPWR,li1,60.9500,35.3600,1.799793
FILLER_9_116,VPWR,li1,59.5700,35.3600,1.799793
FILLER_9_113,VPWR,li1,58.1900,35.3600,1.799794
FILLER_9_110,VPWR,li1,56.5800,35.3600,1.799796
FILLER_9_107,VPWR,li1,55.4300,35.3600,1.799796
FILLER_9_83,VPWR,li1,43.9300,35.3600,1.799816
FILLER_9_80,VPWR,li1,43.0100,35.3600,1.799816
FILLER_9_69,VPWR,li1,37.9500,35.3600,1.799825
FILLER_9_60,VPWR,li1,33.3500,35.3600,1.799834
FILLER_9_57,VPWR,li1,32.4300,35.3600,1.799846
FILLER_9_32,VPWR,li1,20.4700,35.3600,1.799910
FILLER_9_29,VPWR,li1,19.5500,35.3600,1.799910
FILLER_9_3,VPWR,li1,7.1300,35.3600,1.799906
FILLER_8_200,VPWR,li1,97.7500,35.3600,1.799774
FILLER_8_197,VPWR,li1,96.8300,35.3600,1.799774
FILLER_8_195,VPWR,li1,95.4500,35.3600,1.799774
FILLER_8_192,VPWR,li1,94.5300,35.3600,1.799775
FILLER_8_189,VPWR,li1,93.1500,35.3600,1.799775
FILLER_8_173,VPWR,li1,85.7900,35.3600,1.799779
FILLER_8_170,VPWR,li1,84.4100,35.3600,1.799779
FILLER_8_167,VPWR,li1,83.0300,35.3600,1.799780
FILLER_8_164,VPWR,li1,81.6500,35.3600,1.799781
FILLER_8_161,VPWR,li1,80.2700,35.3600,1.799781
FILLER_8_155,VPWR,li1,77.0500,35.3600,1.799783
FILLER_8_152,VPWR,li1,76.1300,35.3600,1.799783
FILLER_8_149,VPWR,li1,74.7500,35.3600,1.799784
FILLER_8_130,VPWR,li1,65.7800,35.3600,1.799789
FILLER_8_127,VPWR,li1,64.6300,35.3600,1.799790
FILLER_8_124,VPWR,li1,63.2500,35.3600,1.799791
FILLER_8_121,VPWR,li1,61.8700,35.3600,1.799791
FILLER_8_118,VPWR,li1,60.4900,35.3600,1.799793
FILLER_8_100,VPWR,li1,51.7500,35.3600,1.799801
FILLER_8_97,VPWR,li1,50.8300,35.3600,1.799801
FILLER_8_94,VPWR,li1,49.4500,35.3600,1.799805
FILLER_8_91,VPWR,li1,48.0700,35.3600,1.799805
FILLER_8_83,VPWR,li1,43.9300,35.3600,1.799816
FILLER_8_74,VPWR,li1,40.2500,35.3600,1.799820
FILLER_8_47,VPWR,li1,27.3700,35.3600,1.799873
FILLER_8_29,VPWR,li1,19.0900,35.3600,1.799908
FILLER_8_25,VPWR,li1,17.7100,35.3600,1.799908
FILLER_7_198,VPWR,li1,97.2900,29.9200,1.799904
FILLER_7_195,VPWR,li1,95.9100,29.9200,1.799904
FILLER_7_159,VPWR,li1,79.1200,29.9200,1.799906
FILLER_7_119,VPWR,li1,60.7200,29.9200,1.799910
FILLER_7_116,VPWR,li1,59.5700,29.9200,1.799910
FILLER_7_113,VPWR,li1,58.1900,29.9200,1.799911
FILLER_7_110,VPWR,li1,56.5800,29.9200,1.799912
FILLER_7_107,VPWR,li1,55.4300,29.9200,1.799912
FILLER_7_74,VPWR,li1,40.0200,29.9200,1.799920
FILLER_7_55,VPWR,li1,31.0500,29.9200,1.799938
FILLER_7_52,VPWR,li1,30.1300,29.9200,1.799938
FILLER_7_45,VPWR,li1,26.4500,29.9200,1.799948
FILLER_7_26,VPWR,li1,17.9400,29.9200,1.799962
FILLER_6_200,VPWR,li1,97.7500,29.9200,1.799904
FILLER_6_197,VPWR,li1,96.8300,29.9200,1.799904
FILLER_6_195,VPWR,li1,95.4500,29.9200,1.799904
FILLER_6_176,VPWR,li1,86.9400,29.9200,1.799905
FILLER_6_173,VPWR,li1,85.7900,29.9200,1.799905
FILLER_6_153,VPWR,li1,76.1300,29.9200,1.799907
FILLER_6_150,VPWR,li1,75.2100,29.9200,1.799907
FILLER_6_147,VPWR,li1,73.8300,29.9200,1.799907
FILLER_6_144,VPWR,li1,72.4500,29.9200,1.799908
FILLER_6_141,VPWR,li1,71.0700,29.9200,1.799908
FILLER_6_137,VPWR,li1,69.2300,29.9200,1.799908
FILLER_6_134,VPWR,li1,67.8500,29.9200,1.799908
FILLER_6_131,VPWR,li1,66.4700,29.9200,1.799909
FILLER_6_117,VPWR,li1,59.5700,29.9200,1.799910
FILLER_6_102,VPWR,li1,53.1300,29.9200,1.799913
FILLER_6_99,VPWR,li1,51.7500,29.9200,1.799913
FILLER_6_96,VPWR,li1,50.3700,29.9200,1.799913
FILLER_6_93,VPWR,li1,48.9900,29.9200,1.799913
FILLER_6_65,VPWR,li1,35.8800,29.9200,1.799928
FILLER_6_62,VPWR,li1,34.7300,29.9200,1.799928
FILLER_6_29,VPWR,li1,19.5500,29.9200,1.799962
FILLER_5_169,VPWR,li1,83.9500,24.4800,1.799903
FILLER_5_165,VPWR,li1,82.1100,24.4800,1.799903
FILLER_5_162,VPWR,li1,80.7300,24.4800,1.799903
FILLER_5_150,VPWR,li1,74.7500,24.4800,1.799903
FILLER_5_147,VPWR,li1,73.8300,24.4800,1.799904
FILLER_5_144,VPWR,li1,72.4500,24.4800,1.799904
FILLER_5_141,VPWR,li1,71.0700,24.4800,1.799904
FILLER_5_138,VPWR,li1,69.6900,24.4800,1.799904
FILLER_5_135,VPWR,li1,68.3100,24.4800,1.799904
FILLER_5_132,VPWR,li1,66.9300,24.4800,1.799905
FILLER_5_129,VPWR,li1,65.5500,24.4800,1.799905
FILLER_5_126,VPWR,li1,64.1700,24.4800,1.799905
FILLER_5_109,VPWR,li1,56.3500,24.4800,1.799907
FILLER_5_98,VPWR,li1,51.2900,24.4800,1.799910
FILLER_5_57,VPWR,li1,31.9700,24.4800,1.799938
FILLER_5_53,VPWR,li1,30.5900,24.4800,1.799942
FILLER_5_3,VPWR,li1,7.1300,24.4800,1.799957
FILLER_4_200,VPWR,li1,97.7500,24.4800,1.799902
FILLER_4_197,VPWR,li1,96.8300,24.4800,1.799902
FILLER_4_195,VPWR,li1,95.4500,24.4800,1.799902
FILLER_4_192,VPWR,li1,94.5300,24.4800,1.799902
FILLER_4_189,VPWR,li1,93.1500,24.4800,1.799902
FILLER_4_179,VPWR,li1,88.0900,24.4800,1.799902
FILLER_4_171,VPWR,li1,84.4100,24.4800,1.799903
FILLER_4_168,VPWR,li1,83.4900,24.4800,1.799903
FILLER_4_165,VPWR,li1,82.1100,24.4800,1.799903
FILLER_4_162,VPWR,li1,80.7300,24.4800,1.799903
FILLER_4_159,VPWR,li1,79.3500,24.4800,1.799903
FILLER_4_156,VPWR,li1,77.9700,24.4800,1.799903
FILLER_4_141,VPWR,li1,70.8400,24.4800,1.799904
FILLER_4_131,VPWR,li1,66.0100,24.4800,1.799905
FILLER_4_128,VPWR,li1,65.0900,24.4800,1.799905
FILLER_4_125,VPWR,li1,63.7100,24.4800,1.799905
FILLER_4_105,VPWR,li1,54.0500,24.4800,1.799908
FILLER_4_81,VPWR,li1,43.4700,24.4800,1.799918
FILLER_4_70,VPWR,li1,38.4100,24.4800,1.799925
FILLER_4_59,VPWR,li1,32.8900,24.4800,1.799938
FILLER_4_56,VPWR,li1,31.9700,24.4800,1.799938
FILLER_4_47,VPWR,li1,27.3700,24.4800,1.799947
FILLER_4_37,VPWR,li1,23.0000,24.4800,1.799957
FILLER_4_26,VPWR,li1,17.9400,24.4800,1.799960
FILLER_3_198,VPWR,li1,97.2900,19.0400,1.799736
FILLER_3_195,VPWR,li1,95.9100,19.0400,1.799736
FILLER_3_185,VPWR,li1,90.8500,19.0400,1.799736
FILLER_3_182,VPWR,li1,89.9300,19.0400,1.799736
FILLER_3_154,VPWR,li1,76.5900,19.0400,1.799739
FILLER_3_144,VPWR,li1,71.9900,19.0400,1.799740
FILLER_3_141,VPWR,li1,71.0700,19.0400,1.799740
FILLER_3_138,VPWR,li1,69.6900,19.0400,1.799740
FILLER_3_123,VPWR,li1,62.5600,19.0400,1.799743
FILLER_3_105,VPWR,li1,54.2800,19.0400,1.799747
FILLER_3_102,VPWR,li1,53.1300,19.0400,1.799747
FILLER_3_99,VPWR,li1,51.7500,19.0400,1.799748
FILLER_3_96,VPWR,li1,50.3700,19.0400,1.799748
FILLER_3_67,VPWR,li1,36.5700,19.0400,1.799792
FILLER_3_57,VPWR,li1,32.2000,19.0400,1.799820
FILLER_3_46,VPWR,li1,27.1400,19.0400,1.799852
FILLER_2_200,VPWR,li1,97.7500,19.0400,1.799736
FILLER_2_197,VPWR,li1,96.8300,19.0400,1.799736
FILLER_2_193,VPWR,li1,94.9900,19.0400,1.799736
FILLER_2_190,VPWR,li1,93.6100,19.0400,1.799736
FILLER_2_187,VPWR,li1,92.2300,19.0400,1.799736
FILLER_2_179,VPWR,li1,88.5500,19.0400,1.799736
FILLER_2_170,VPWR,li1,84.1800,19.0400,1.799737
FILLER_2_167,VPWR,li1,83.0300,19.0400,1.799737
FILLER_2_164,VPWR,li1,81.6500,19.0400,1.799737
FILLER_2_156,VPWR,li1,77.7400,19.0400,1.799739
FILLER_2_147,VPWR,li1,73.6000,19.0400,1.799739
FILLER_2_129,VPWR,li1,65.0900,19.0400,1.799742
FILLER_2_126,VPWR,li1,64.1700,19.0400,1.799743
FILLER_2_119,VPWR,li1,60.4900,19.0400,1.799744
FILLER_2_105,VPWR,li1,54.0500,19.0400,1.799747
FILLER_2_102,VPWR,li1,53.1300,19.0400,1.799747
FILLER_2_66,VPWR,li1,36.1100,19.0400,1.799804
FILLER_2_32,VPWR,li1,20.4700,19.0400,1.799887
FILLER_1_198,VPWR,li1,97.2900,13.6000,1.799902
FILLER_1_195,VPWR,li1,95.9100,13.6000,1.799902
FILLER_1_192,VPWR,li1,94.5300,13.6000,1.799902
FILLER_1_189,VPWR,li1,93.1500,13.6000,1.799902
FILLER_1_186,VPWR,li1,91.7700,13.6000,1.799902
FILLER_1_183,VPWR,li1,90.3900,13.6000,1.799902
FILLER_1_180,VPWR,li1,89.0100,13.6000,1.799902
FILLER_1_177,VPWR,li1,87.6300,13.6000,1.799902
FILLER_1_174,VPWR,li1,86.2500,13.6000,1.799902
FILLER_1_165,VPWR,li1,82.1100,13.6000,1.799902
FILLER_1_149,VPWR,li1,74.2900,13.6000,1.799902
FILLER_1_137,VPWR,li1,69.0000,13.6000,1.799903
FILLER_1_120,VPWR,li1,61.1800,13.6000,1.799905
FILLER_1_111,VPWR,li1,56.8100,13.6000,1.799909
FILLER_1_108,VPWR,li1,55.8900,13.6000,1.799909
FILLER_1_57,VPWR,li1,32.4300,13.6000,1.799938
FILLER_1_55,VPWR,li1,31.0500,13.6000,1.799943
FILLER_1_11,VPWR,li1,11.0400,13.6000,1.799961
FILLER_0_200,VPWR,li1,97.7500,13.6000,1.799902
FILLER_0_197,VPWR,li1,96.8300,13.6000,1.799902
FILLER_0_194,VPWR,li1,95.2200,13.6000,1.799902
FILLER_0_191,VPWR,li1,94.0700,13.6000,1.799902
FILLER_0_184,VPWR,li1,90.3900,13.6000,1.799902
FILLER_0_181,VPWR,li1,89.4700,13.6000,1.799902
FILLER_0_178,VPWR,li1,88.0900,13.6000,1.799902
FILLER_0_175,VPWR,li1,86.7100,13.6000,1.799902
FILLER_0_172,VPWR,li1,85.3300,13.6000,1.799902
FILLER_0_169,VPWR,li1,83.9500,13.6000,1.799902
FILLER_0_165,VPWR,li1,82.1100,13.6000,1.799902
FILLER_0_162,VPWR,li1,80.7300,13.6000,1.799902
FILLER_0_159,VPWR,li1,79.3500,13.6000,1.799902
FILLER_0_156,VPWR,li1,77.9700,13.6000,1.799902
FILLER_0_150,VPWR,li1,74.7500,13.6000,1.799902
FILLER_0_138,VPWR,li1,69.4600,13.6000,1.799903
FILLER_0_135,VPWR,li1,68.3100,13.6000,1.799903
FILLER_0_124,VPWR,li1,63.2500,13.6000,1.799904
FILLER_0_121,VPWR,li1,61.8700,13.6000,1.799905
FILLER_0_94,VPWR,li1,49.2200,13.6000,1.799915
FILLER_0_91,VPWR,li1,48.0700,13.6000,1.799915
FILLER_0_49,VPWR,li1,28.2900,13.6000,1.799949
FILLER_0_35,VPWR,li1,22.0800,13.6000,1.799961
hold108,VPWR,li1,37.7200,46.2400,1.799840
hold107,VPWR,li1,53.8200,40.8000,1.799712
hold106,VPWR,li1,49.6800,40.8000,1.799723
hold105,VPWR,li1,29.4400,40.8000,1.799843
hold104,VPWR,li1,15.6400,29.9200,1.799960
hold103,VPWR,li1,40.4800,35.3600,1.799820
hold102,VPWR,li1,24.3800,29.9200,1.799953
hold101,VPWR,li1,22.0800,29.9200,1.799964
hold100,VPWR,li1,9.2000,24.4800,1.799957
hold99,VPWR,li1,51.0600,46.2400,1.799789
hold98,VPWR,li1,38.6400,19.0400,1.799781
hold97,VPWR,li1,26.2200,19.0400,1.799852
hold96,VPWR,li1,42.3200,29.9200,1.799918
hold95,VPWR,li1,40.9400,24.4800,1.799922
hold94,VPWR,li1,46.4600,29.9200,1.799914
hold93,VPWR,li1,35.4200,35.3600,1.799830
hold92,VPWR,li1,36.3400,13.6000,1.799930
hold91,VPWR,li1,20.7000,24.4800,1.799962
hold90,VPWR,li1,42.7800,13.6000,1.799922
hold89,VPWR,li1,22.5400,19.0400,1.799874
hold88,VPWR,li1,46.4600,24.4800,1.799913
hold87,VPWR,li1,13.3400,13.6000,1.799962
hold86,VPWR,li1,29.4400,19.0400,1.799833
rebuffer70,VPWR,li1,17.0200,57.1200,1.799969
rebuffer69,VPWR,li1,93.8400,62.5600,1.799862
rebuffer65,VPWR,li1,45.5400,89.7600,1.799944
rebuffer64,VPWR,li1,17.0200,68.0000,1.799975
rebuffer63,VPWR,li1,46.4600,62.5600,1.799919
rebuffer62,VPWR,li1,87.6300,78.8800,1.799887
rebuffer57,VPWR,li1,94.3000,29.9200,1.799904
rebuffer56,VPWR,li1,67.1600,89.7600,1.799921
rebuffer55,VPWR,li1,93.6100,89.7600,1.799898
rebuffer54,VPWR,li1,87.1700,68.0000,1.799873
rebuffer53,VPWR,li1,76.3600,19.0400,1.799739
rebuffer52,VPWR,li1,93.6100,51.6800,1.799819
rebuffer51,VPWR,li1,81.8800,95.2000,1.799890
rebuffer50,VPWR,li1,80.0400,95.2000,1.799892
rebuffer49,VPWR,li1,72.6800,51.6800,1.799848
clkload2,VPWR,li1,46.4600,40.8000,1.799738
clkload1,VPWR,li1,52.4400,24.4800,1.799908
clkload0,VPWR,li1,17.9400,40.8000,1.799892
clkbuf_2_3__f_clk,VPWR,li1,51.9800,40.8000,1.799713
clkbuf_2_2__f_clk,VPWR,li1,45.0800,19.0400,1.799754
clkbuf_2_1__f_clk,VPWR,li1,23.4600,46.2400,1.799897
clkbuf_2_0__f_clk,VPWR,li1,22.0800,19.0400,1.799887
clkbuf_0_clk,VPWR,li1,34.9600,35.3600,1.799834
self_diagnosing_fir,VPWR,li1,97.2900,100.6400,1.799960
fanout38,VPWR,li1,36.8000,40.8000,1.799794
fanout37,VPWR,li1,34.5000,19.0400,1.799804
fanout36,VPWR,li1,11.5000,40.8000,1.799887
fanout35,VPWR,li1,16.5600,19.0400,1.799882
output34,VPWR,li1,66.9300,100.6400,1.799966
output33,VPWR,li1,73.8300,100.6400,1.799964
output32,VPWR,li1,85.7900,100.6400,1.799960
output31,VPWR,li1,94.0700,95.2000,1.799880
output30,VPWR,li1,95.9100,84.3200,1.799755
output29,VPWR,li1,91.3100,57.1200,1.799816
output28,VPWR,li1,95.9100,46.2400,1.799689
output27,VPWR,li1,93.3800,46.2400,1.799692
output26,VPWR,li1,96.1400,35.3600,1.799774
output25,VPWR,li1,66.7000,13.6000,1.799903
output24,VPWR,li1,55.2000,13.6000,1.799909
output23,VPWR,li1,8.7400,46.2400,1.799903
input22,VPWR,li1,15.1800,40.8000,1.799890
input21,VPWR,li1,15.1800,35.3600,1.799906
input20,VPWR,li1,8.7400,24.4800,1.799957
input19,VPWR,li1,16.5600,29.9200,1.799960
input18,VPWR,li1,8.7400,13.6000,1.799961
input17,VPWR,li1,8.7400,13.6000,1.799961
input16,VPWR,li1,68.0800,100.6400,1.799966
input15,VPWR,li1,95.6800,57.1200,1.799816
input14,VPWR,li1,97.0600,51.6800,1.799818
input13,VPWR,li1,92.9200,46.2400,1.799692
input12,VPWR,li1,51.5200,13.6000,1.799911
input11,VPWR,li1,59.3400,13.6000,1.799906
input10,VPWR,li1,67.6200,19.0400,1.799741
input9,VPWR,li1,65.7800,13.6000,1.799903
input8,VPWR,li1,39.1000,100.6400,1.799980
input7,VPWR,li1,9.2000,89.7600,1.799975
input6,VPWR,li1,7.8200,89.7600,1.799974
input5,VPWR,li1,7.8200,68.0000,1.799974
input4,VPWR,li1,8.7400,84.3200,1.799960
input3,VPWR,li1,9.2000,78.8800,1.799972
input2,VPWR,li1,10.5800,73.4400,1.799974
input1,VPWR,li1,8.9700,51.6800,1.799963
self_diagnosing_fir_48,VPWR,li1,94.9900,100.6400,1.799960
self_diagnosing_fir_47,VPWR,li1,10.3500,100.6400,1.799992
self_diagnosing_fir_46,VPWR,li1,91.3100,13.6000,1.799902
self_diagnosing_fir_45,VPWR,li1,92.6900,13.6000,1.799902
self_diagnosing_fir_44,VPWR,li1,8.9700,100.6400,1.799992
self_diagnosing_fir_43,VPWR,li1,94.9900,100.6400,1.799960
self_diagnosing_fir_42,VPWR,li1,7.5900,100.6400,1.799992
self_diagnosing_fir_41,VPWR,li1,97.2900,100.6400,1.799960
self_diagnosing_fir_40,VPWR,li1,7.5900,100.6400,1.799992
self_diagnosing_fir_39,VPWR,li1,8.9700,100.6400,1.799992
TAP_TAPCELL_ROW_33_193,VPWR,li1,95.9100,100.9460,1.799960
TAP_TAPCELL_ROW_33_192,VPWR,li1,83.0300,100.9460,1.799961
TAP_TAPCELL_ROW_33_191,VPWR,li1,70.1500,100.9460,1.799965
TAP_TAPCELL_ROW_33_190,VPWR,li1,57.2700,100.9460,1.799971
TAP_TAPCELL_ROW_33_189,VPWR,li1,44.3900,100.9460,1.799978
TAP_TAPCELL_ROW_33_188,VPWR,li1,31.5100,100.9460,1.799986
TAP_TAPCELL_ROW_33_187,VPWR,li1,18.6300,100.9460,1.799992
TAP_TAPCELL_ROW_32_186,VPWR,li1,95.9100,100.3330,1.799960
TAP_TAPCELL_ROW_32_185,VPWR,li1,70.1500,100.3330,1.799965
TAP_TAPCELL_ROW_32_184,VPWR,li1,44.3900,100.3330,1.799978
TAP_TAPCELL_ROW_32_183,VPWR,li1,18.6300,100.3330,1.799992
TAP_TAPCELL_ROW_31_182,VPWR,li1,83.0300,95.5060,1.799890
TAP_TAPCELL_ROW_31_181,VPWR,li1,57.2700,95.5060,1.799919
TAP_TAPCELL_ROW_31_180,VPWR,li1,31.5100,95.5060,1.799959
TAP_TAPCELL_ROW_30_179,VPWR,li1,95.9100,94.8930,1.799880
TAP_TAPCELL_ROW_30_178,VPWR,li1,70.1500,94.8930,1.799904
TAP_TAPCELL_ROW_30_177,VPWR,li1,44.3900,94.8930,1.799938
TAP_TAPCELL_ROW_30_176,VPWR,li1,18.6300,94.8930,1.799980
TAP_TAPCELL_ROW_29_175,VPWR,li1,83.0300,90.0660,1.799905
TAP_TAPCELL_ROW_29_174,VPWR,li1,57.2700,90.0660,1.799930
TAP_TAPCELL_ROW_29_173,VPWR,li1,31.5100,90.0660,1.799963
TAP_TAPCELL_ROW_28_172,VPWR,li1,95.9100,89.4530,1.799898
TAP_TAPCELL_ROW_28_171,VPWR,li1,70.1500,89.4530,1.799918
TAP_TAPCELL_ROW_28_170,VPWR,li1,44.3900,89.4530,1.799946
TAP_TAPCELL_ROW_28_169,VPWR,li1,18.6300,89.4530,1.799978
TAP_TAPCELL_ROW_27_168,VPWR,li1,83.0300,84.6260,1.799780
TAP_TAPCELL_ROW_27_167,VPWR,li1,57.2700,84.6260,1.799847
TAP_TAPCELL_ROW_27_166,VPWR,li1,31.5100,84.6260,1.799928
TAP_TAPCELL_ROW_26_165,VPWR,li1,95.9100,84.0130,1.799755
TAP_TAPCELL_ROW_26_164,VPWR,li1,70.1500,84.0130,1.799811
TAP_TAPCELL_ROW_26_163,VPWR,li1,44.3900,84.0130,1.799888
TAP_TAPCELL_ROW_26_162,VPWR,li1,18.6300,84.0130,1.799962
TAP_TAPCELL_ROW_25_161,VPWR,li1,83.0300,79.1860,1.799893
TAP_TAPCELL_ROW_25_160,VPWR,li1,57.2700,79.1860,1.799923
TAP_TAPCELL_ROW_25_159,VPWR,li1,31.5100,79.1860,1.799960
TAP_TAPCELL_ROW_24_158,VPWR,li1,95.9100,78.5730,1.799881
TAP_TAPCELL_ROW_24_157,VPWR,li1,70.1500,78.5730,1.799908
TAP_TAPCELL_ROW_24_156,VPWR,li1,44.3900,78.5730,1.799940
TAP_TAPCELL_ROW_24_155,VPWR,li1,18.6300,78.5730,1.799974
TAP_TAPCELL_ROW_23_154,VPWR,li1,83.0300,73.7460,1.799892
TAP_TAPCELL_ROW_23_153,VPWR,li1,57.2700,73.7460,1.799913
TAP_TAPCELL_ROW_23_152,VPWR,li1,31.5100,73.7460,1.799958
TAP_TAPCELL_ROW_22_151,VPWR,li1,95.9100,73.1330,1.799887
TAP_TAPCELL_ROW_22_150,VPWR,li1,70.1500,73.1330,1.799902
TAP_TAPCELL_ROW_22_149,VPWR,li1,44.3900,73.1330,1.799931
TAP_TAPCELL_ROW_22_148,VPWR,li1,18.6300,73.1330,1.799975
TAP_TAPCELL_ROW_21_147,VPWR,li1,83.0300,68.3060,1.799881
TAP_TAPCELL_ROW_21_146,VPWR,li1,57.2700,68.3060,1.799917
TAP_TAPCELL_ROW_21_145,VPWR,li1,31.5100,68.3060,1.799960
TAP_TAPCELL_ROW_20_144,VPWR,li1,95.9100,67.6930,1.799867
TAP_TAPCELL_ROW_20_143,VPWR,li1,70.1500,67.6930,1.799899
TAP_TAPCELL_ROW_20_142,VPWR,li1,44.3900,67.6930,1.799937
TAP_TAPCELL_ROW_20_141,VPWR,li1,18.6300,67.6930,1.799975
TAP_TAPCELL_ROW_19_140,VPWR,li1,83.0300,62.8660,1.799871
TAP_TAPCELL_ROW_19_139,VPWR,li1,57.2700,62.8660,1.799900
TAP_TAPCELL_ROW_19_138,VPWR,li1,31.5100,62.8660,1.799952
TAP_TAPCELL_ROW_18_137,VPWR,li1,95.9100,62.2530,1.799862
TAP_TAPCELL_ROW_18_136,VPWR,li1,70.1500,62.2530,1.799885
TAP_TAPCELL_ROW_18_135,VPWR,li1,44.3900,62.2530,1.799923
TAP_TAPCELL_ROW_18_134,VPWR,li1,18.6300,62.2530,1.799970
TAP_TAPCELL_ROW_17_133,VPWR,li1,83.0300,57.4260,1.799833
TAP_TAPCELL_ROW_17_132,VPWR,li1,57.2700,57.4260,1.799887
TAP_TAPCELL_ROW_17_131,VPWR,li1,31.5100,57.4260,1.799945
TAP_TAPCELL_ROW_16_130,VPWR,li1,95.9100,56.8130,1.799816
TAP_TAPCELL_ROW_16_129,VPWR,li1,70.1500,56.8130,1.799858
TAP_TAPCELL_ROW_16_128,VPWR,li1,44.3900,56.8130,1.799914
TAP_TAPCELL_ROW_16_127,VPWR,li1,18.6300,56.8130,1.799969
TAP_TAPCELL_ROW_15_126,VPWR,li1,83.0300,51.9860,1.799831
TAP_TAPCELL_ROW_15_125,VPWR,li1,57.2700,51.9860,1.799874
TAP_TAPCELL_ROW_15_124,VPWR,li1,31.5100,51.9860,1.799939
TAP_TAPCELL_ROW_14_123,VPWR,li1,95.9100,51.3730,1.799818
TAP_TAPCELL_ROW_14_122,VPWR,li1,70.1500,51.3730,1.799852
TAP_TAPCELL_ROW_14_121,VPWR,li1,44.3900,51.3730,1.799904
TAP_TAPCELL_ROW_14_120,VPWR,li1,18.6300,51.3730,1.799965
TAP_TAPCELL_ROW_13_119,VPWR,li1,83.0300,46.5460,1.799708
TAP_TAPCELL_ROW_13_118,VPWR,li1,57.2700,46.5460,1.799769
TAP_TAPCELL_ROW_13_117,VPWR,li1,31.5100,46.5460,1.799865
TAP_TAPCELL_ROW_12_116,VPWR,li1,95.9100,45.9330,1.799689
TAP_TAPCELL_ROW_12_115,VPWR,li1,70.1500,45.9330,1.799739
TAP_TAPCELL_ROW_12_114,VPWR,li1,44.3900,45.9330,1.799819
TAP_TAPCELL_ROW_12_113,VPWR,li1,18.6300,45.9330,1.799910
TAP_TAPCELL_ROW_11_112,VPWR,li1,83.0300,41.1060,1.799689
TAP_TAPCELL_ROW_11_111,VPWR,li1,57.2700,41.1060,1.799709
TAP_TAPCELL_ROW_11_110,VPWR,li1,31.5100,41.1060,1.799828
TAP_TAPCELL_ROW_10_109,VPWR,li1,95.9100,40.4930,1.799684
TAP_TAPCELL_ROW_10_108,VPWR,li1,70.1500,40.4930,1.799699
TAP_TAPCELL_ROW_10_107,VPWR,li1,44.3900,40.4930,1.799753
TAP_TAPCELL_ROW_10_106,VPWR,li1,18.6300,40.4930,1.799892
TAP_TAPCELL_ROW_9_105,VPWR,li1,83.0300,35.6660,1.799780
TAP_TAPCELL_ROW_9_104,VPWR,li1,57.2700,35.6660,1.799794
TAP_TAPCELL_ROW_9_103,VPWR,li1,31.5100,35.6660,1.799846
TAP_TAPCELL_ROW_8_102,VPWR,li1,95.9100,35.0530,1.799774
TAP_TAPCELL_ROW_8_101,VPWR,li1,70.1500,35.0530,1.799786
TAP_TAPCELL_ROW_8_100,VPWR,li1,44.3900,35.0530,1.799812
TAP_TAPCELL_ROW_8_99,VPWR,li1,18.6300,35.0530,1.799908
TAP_TAPCELL_ROW_7_98,VPWR,li1,83.0300,30.2260,1.799906
TAP_TAPCELL_ROW_7_97,VPWR,li1,57.2700,30.2260,1.799911
TAP_TAPCELL_ROW_7_96,VPWR,li1,31.5100,30.2260,1.799938
TAP_TAPCELL_ROW_6_95,VPWR,li1,95.9100,29.6130,1.799904
TAP_TAPCELL_ROW_6_94,VPWR,li1,70.1500,29.6130,1.799908
TAP_TAPCELL_ROW_6_93,VPWR,li1,44.3900,29.6130,1.799916
TAP_TAPCELL_ROW_6_92,VPWR,li1,18.6300,29.6130,1.799962
TAP_TAPCELL_ROW_5_91,VPWR,li1,83.0300,24.7860,1.799903
TAP_TAPCELL_ROW_5_90,VPWR,li1,57.2700,24.7860,1.799907
TAP_TAPCELL_ROW_5_89,VPWR,li1,31.5100,24.7860,1.799938
TAP_TAPCELL_ROW_4_88,VPWR,li1,95.9100,24.1730,1.799902
TAP_TAPCELL_ROW_4_87,VPWR,li1,70.1500,24.1730,1.799904
TAP_TAPCELL_ROW_4_86,VPWR,li1,44.3900,24.1730,1.799918
TAP_TAPCELL_ROW_4_85,VPWR,li1,18.6300,24.1730,1.799960
TAP_TAPCELL_ROW_3_84,VPWR,li1,83.0300,19.3460,1.799737
TAP_TAPCELL_ROW_3_83,VPWR,li1,57.2700,19.3460,1.799745
TAP_TAPCELL_ROW_3_82,VPWR,li1,31.5100,19.3460,1.799820
TAP_TAPCELL_ROW_2_81,VPWR,li1,95.9100,18.7330,1.799736
TAP_TAPCELL_ROW_2_80,VPWR,li1,70.1500,18.7330,1.799740
TAP_TAPCELL_ROW_2_79,VPWR,li1,44.3900,18.7330,1.799754
TAP_TAPCELL_ROW_2_78,VPWR,li1,18.6300,18.7330,1.799884
TAP_TAPCELL_ROW_1_77,VPWR,li1,83.0300,13.9060,1.799902
TAP_TAPCELL_ROW_1_76,VPWR,li1,57.2700,13.9060,1.799907
TAP_TAPCELL_ROW_1_75,VPWR,li1,31.5100,13.9060,1.799943
TAP_TAPCELL_ROW_0_74,VPWR,li1,95.9100,13.2930,1.799902
TAP_TAPCELL_ROW_0_73,VPWR,li1,83.0300,13.2930,1.799902
TAP_TAPCELL_ROW_0_72,VPWR,li1,70.1500,13.2930,1.799903
TAP_TAPCELL_ROW_0_71,VPWR,li1,57.2700,13.2930,1.799907
TAP_TAPCELL_ROW_0_70,VPWR,li1,44.3900,13.2930,1.799922
TAP_TAPCELL_ROW_0_69,VPWR,li1,31.5100,13.2930,1.799943
TAP_TAPCELL_ROW_0_68,VPWR,li1,18.6300,13.2930,1.799963
PHY_EDGE_ROW_33_Left_67,VPWR,li1,6.2100,100.6400,1.799992
PHY_EDGE_ROW_32_Left_66,VPWR,li1,6.2100,100.6400,1.799992
PHY_EDGE_ROW_31_Left_65,VPWR,li1,6.2100,95.2000,1.799979
PHY_EDGE_ROW_30_Left_64,VPWR,li1,6.2100,95.2000,1.799979
PHY_EDGE_ROW_29_Left_63,VPWR,li1,6.2100,89.7600,1.799974
PHY_EDGE_ROW_28_Left_62,VPWR,li1,6.2100,89.7600,1.799974
PHY_EDGE_ROW_27_Left_61,VPWR,li1,6.2100,84.3200,1.799960
PHY_EDGE_ROW_26_Left_60,VPWR,li1,6.2100,84.3200,1.799960
PHY_EDGE_ROW_25_Left_59,VPWR,li1,6.2100,78.8800,1.799972
PHY_EDGE_ROW_24_Left_58,VPWR,li1,6.2100,78.8800,1.799972
PHY_EDGE_ROW_23_Left_57,VPWR,li1,6.2100,73.4400,1.799974
PHY_EDGE_ROW_22_Left_56,VPWR,li1,6.2100,73.4400,1.799974
PHY_EDGE_ROW_21_Left_55,VPWR,li1,6.2100,68.0000,1.799974
PHY_EDGE_ROW_20_Left_54,VPWR,li1,6.2100,68.0000,1.799974
PHY_EDGE_ROW_19_Left_53,VPWR,li1,6.2100,62.5600,1.799969
PHY_EDGE_ROW_18_Left_52,VPWR,li1,6.2100,62.5600,1.799969
PHY_EDGE_ROW_17_Left_51,VPWR,li1,6.2100,57.1200,1.799968
PHY_EDGE_ROW_16_Left_50,VPWR,li1,6.2100,57.1200,1.799968
PHY_EDGE_ROW_15_Left_49,VPWR,li1,6.2100,51.6800,1.799963
PHY_EDGE_ROW_14_Left_48,VPWR,li1,6.2100,51.6800,1.799963
PHY_EDGE_ROW_13_Left_47,VPWR,li1,6.2100,46.2400,1.799903
PHY_EDGE_ROW_12_Left_46,VPWR,li1,6.2100,46.2400,1.799903
PHY_EDGE_ROW_11_Left_45,VPWR,li1,6.2100,40.8000,1.799887
PHY_EDGE_ROW_10_Left_44,VPWR,li1,6.2100,40.8000,1.799887
PHY_EDGE_ROW_9_Left_43,VPWR,li1,6.2100,35.3600,1.799906
PHY_EDGE_ROW_8_Left_42,VPWR,li1,6.2100,35.3600,1.799906
PHY_EDGE_ROW_7_Left_41,VPWR,li1,6.2100,29.9200,1.799957
PHY_EDGE_ROW_6_Left_40,VPWR,li1,6.2100,29.9200,1.799957
PHY_EDGE_ROW_5_Left_39,VPWR,li1,6.2100,24.4800,1.799957
PHY_EDGE_ROW_4_Left_38,VPWR,li1,6.2100,24.4800,1.799957
PHY_EDGE_ROW_3_Left_37,VPWR,li1,6.2100,19.0400,1.799876
PHY_EDGE_ROW_2_Left_36,VPWR,li1,6.2100,19.0400,1.799876
PHY_EDGE_ROW_1_Left_35,VPWR,li1,6.2100,13.6000,1.799961
PHY_EDGE_ROW_0_Left_34,VPWR,li1,6.2100,13.6000,1.799961
PHY_EDGE_ROW_33_Right_33,VPWR,li1,98.6700,100.6400,1.799960
PHY_EDGE_ROW_32_Right_32,VPWR,li1,98.6700,100.6400,1.799960
PHY_EDGE_ROW_31_Right_31,VPWR,li1,98.6700,95.2000,1.799880
PHY_EDGE_ROW_30_Right_30,VPWR,li1,98.6700,95.2000,1.799880
PHY_EDGE_ROW_29_Right_29,VPWR,li1,98.6700,89.7600,1.799898
PHY_EDGE_ROW_28_Right_28,VPWR,li1,98.6700,89.7600,1.799898
PHY_EDGE_ROW_27_Right_27,VPWR,li1,98.6700,84.3200,1.799755
PHY_EDGE_ROW_26_Right_26,VPWR,li1,98.6700,84.3200,1.799755
PHY_EDGE_ROW_25_Right_25,VPWR,li1,98.6700,78.8800,1.799881
PHY_EDGE_ROW_24_Right_24,VPWR,li1,98.6700,78.8800,1.799881
PHY_EDGE_ROW_23_Right_23,VPWR,li1,98.6700,73.4400,1.799887
PHY_EDGE_ROW_22_Right_22,VPWR,li1,98.6700,73.4400,1.799887
PHY_EDGE_ROW_21_Right_21,VPWR,li1,98.6700,68.0000,1.799867
PHY_EDGE_ROW_20_Right_20,VPWR,li1,98.6700,68.0000,1.799867
PHY_EDGE_ROW_19_Right_19,VPWR,li1,98.6700,62.5600,1.799862
PHY_EDGE_ROW_18_Right_18,VPWR,li1,98.6700,62.5600,1.799862
PHY_EDGE_ROW_17_Right_17,VPWR,li1,98.6700,57.1200,1.799816
PHY_EDGE_ROW_16_Right_16,VPWR,li1,98.6700,57.1200,1.799816
PHY_EDGE_ROW_15_Right_15,VPWR,li1,98.6700,51.6800,1.799818
PHY_EDGE_ROW_14_Right_14,VPWR,li1,98.6700,51.6800,1.799818
PHY_EDGE_ROW_13_Right_13,VPWR,li1,98.6700,46.2400,1.799689
PHY_EDGE_ROW_12_Right_12,VPWR,li1,98.6700,46.2400,1.799689
PHY_EDGE_ROW_11_Right_11,VPWR,li1,98.6700,40.8000,1.799684
PHY_EDGE_ROW_10_Right_10,VPWR,li1,98.6700,40.8000,1.799684
PHY_EDGE_ROW_9_Right_9,VPWR,li1,98.6700,35.3600,1.799774
PHY_EDGE_ROW_8_Right_8,VPWR,li1,98.6700,35.3600,1.799774
PHY_EDGE_ROW_7_Right_7,VPWR,li1,98.6700,29.9200,1.799904
PHY_EDGE_ROW_6_Right_6,VPWR,li1,98.6700,29.9200,1.799904
PHY_EDGE_ROW_5_Right_5,VPWR,li1,98.6700,24.4800,1.799902
PHY_EDGE_ROW_4_Right_4,VPWR,li1,98.6700,24.4800,1.799902
PHY_EDGE_ROW_3_Right_3,VPWR,li1,98.6700,19.0400,1.799736
PHY_EDGE_ROW_2_Right_2,VPWR,li1,98.6700,19.0400,1.799736
PHY_EDGE_ROW_1_Right_1,VPWR,li1,98.6700,13.6000,1.799902
PHY_EDGE_ROW_0_Right_0,VPWR,li1,98.6700,13.6000,1.799902
_780_,VPWR,li1,46.6900,24.4800,1.799913
_779_,VPWR,li1,48.5300,19.0400,1.799749
_778_,VPWR,li1,26.9100,13.6000,1.799949
_777_,VPWR,li1,37.0300,13.6000,1.799930
_776_,VPWR,li1,36.1100,24.4800,1.799930
_775_,VPWR,li1,13.5700,19.0400,1.799878
_774_,VPWR,li1,40.2500,19.0400,1.799781
_773_,VPWR,li1,40.2500,29.9200,1.799920
_772_,VPWR,li1,19.0900,13.6000,1.799963
_771_,VPWR,li1,31.9700,19.0400,1.799820
_770_,VPWR,li1,30.1300,29.9200,1.799938
_769_,VPWR,li1,10.8100,19.0400,1.799876
_768_,VPWR,li1,53.1300,46.2400,1.799781
_767_,VPWR,li1,56.3500,51.6800,1.799878
_766_,VPWR,li1,57.2700,46.2400,1.799769
_765_,VPWR,li1,55.8900,35.3600,1.799796
_764_,VPWR,li1,40.2500,40.8000,1.799779
_763_,VPWR,li1,43.4700,40.8000,1.799753
_762_,VPWR,li1,48.0700,29.9200,1.799914
_761_,VPWR,li1,48.0700,35.3600,1.799805
_760_,VPWR,li1,22.7700,40.8000,1.799899
_759_,VPWR,li1,23.2300,40.8000,1.799899
_758_,VPWR,li1,27.3700,35.3600,1.799873
_757_,VPWR,li1,32.4300,40.8000,1.799828
_756_,VPWR,li1,51.2900,13.6000,1.799911
_755_,VPWR,li1,14.9500,24.4800,1.799957
_754_,VPWR,li1,12.6500,40.8000,1.799887
_753_,VPWR,li1,12.1900,46.2400,1.799904
_752_,VPWR,li1,14.9500,35.3600,1.799906
_751_,VPWR,li1,23.2300,35.3600,1.799912
_750_,VPWR,li1,22.7700,24.4800,1.799957
_749_,VPWR,li1,10.8100,29.9200,1.799957
_748_,VPWR,li1,35.6500,29.9200,1.799928
_747_,VPWR,li1,47.8400,46.2400,1.799801
_746_,VPWR,li1,53.3600,35.3600,1.799798
_745_,VPWR,li1,57.0400,40.8000,1.799709
_744_,VPWR,li1,53.3600,29.9200,1.799913
_743_,VPWR,li1,33.5800,40.8000,1.799815
_742_,VPWR,li1,41.4000,46.2400,1.799832
_741_,VPWR,li1,46.0000,35.3600,1.799812
_740_,VPWR,li1,42.3200,35.3600,1.799816
_739_,VPWR,li1,15.1800,46.2400,1.799906
_738_,VPWR,li1,17.9400,46.2400,1.799909
_737_,VPWR,li1,22.0800,35.3600,1.799912
_736_,VPWR,li1,29.9000,46.2400,1.799873
_735_,VPWR,li1,46.0000,13.6000,1.799918
_734_,VPWR,li1,8.2800,19.0400,1.799876
_733_,VPWR,li1,15.4100,24.4800,1.799957
_732_,VPWR,li1,25.3000,24.4800,1.799951
_731_,VPWR,li1,9.2000,35.3600,1.799906
_730_,VPWR,li1,8.2800,40.8000,1.799887
_729_,VPWR,li1,11.2700,35.3600,1.799906
_728_,VPWR,li1,8.2800,29.9200,1.799957
_727_,VPWR,li1,11.7300,29.9200,1.799957
_726_,VPWR,li1,11.9600,24.4800,1.799957
_725_,VPWR,li1,20.4700,29.9200,1.799964
_724_,VPWR,li1,28.2900,24.4800,1.799947
_723_,VPWR,li1,25.0700,29.9200,1.799953
_722_,VPWR,li1,8.0500,35.3600,1.799906
_721_,VPWR,li1,29.4400,24.4800,1.799942
_720_,VPWR,li1,39.7900,13.6000,1.799926
_719_,VPWR,li1,35.4200,24.4800,1.799930
_718_,VPWR,li1,12.4200,13.6000,1.799961
_717_,VPWR,li1,28.0600,29.9200,1.799948
_716_,VPWR,li1,26.6800,13.6000,1.799949
_715_,VPWR,li1,20.2400,13.6000,1.799965
_714_,VPWR,li1,41.4000,24.4800,1.799922
_713_,VPWR,li1,33.1200,13.6000,1.799938
_712_,VPWR,li1,46.0000,13.6000,1.799918
_711_,VPWR,li1,15.6400,13.6000,1.799962
_710_,VPWR,li1,28.9800,35.3600,1.799873
_709_,VPWR,li1,29.9000,13.6000,1.799943
_708_,VPWR,li1,23.9200,13.6000,1.799956
_707_,VPWR,li1,42.7800,13.6000,1.799922
_706_,VPWR,li1,49.6800,24.4800,1.799910
_705_,VPWR,li1,63.2500,100.6400,1.799968
_704_,VPWR,li1,92.6900,40.8000,1.799684
_703_,VPWR,li1,66.4700,35.3600,1.799789
_702_,VPWR,li1,63.7100,35.3600,1.799790
_701_,VPWR,li1,73.3700,100.6400,1.799964
_700_,VPWR,li1,66.9300,95.2000,1.799907
_699_,VPWR,li1,64.1700,100.6400,1.799968
_698_,VPWR,li1,62.5600,95.2000,1.799913
_697_,VPWR,li1,79.5800,100.6400,1.799962
_696_,VPWR,li1,85.3300,100.6400,1.799960
_695_,VPWR,li1,89.2400,95.2000,1.799884
_694_,VPWR,li1,79.3500,100.6400,1.799962
_693_,VPWR,li1,79.8100,95.2000,1.799892
_692_,VPWR,li1,76.5900,95.2000,1.799896
_691_,VPWR,li1,67.8500,95.2000,1.799907
_690_,VPWR,li1,64.6300,89.7600,1.799922
_689_,VPWR,li1,62.3300,95.2000,1.799913
_688_,VPWR,li1,59.3400,95.2000,1.799917
_687_,VPWR,li1,63.2500,89.7600,1.799925
_686_,VPWR,li1,63.2500,84.3200,1.799830
_685_,VPWR,li1,54.0500,95.2000,1.799923
_684_,VPWR,li1,55.4300,100.6400,1.799973
_683_,VPWR,li1,48.9900,100.6400,1.799976
_682_,VPWR,li1,48.3000,100.6400,1.799976
_681_,VPWR,li1,20.4700,95.2000,1.799980
_680_,VPWR,li1,41.1700,100.6400,1.799979
_679_,VPWR,li1,30.5900,100.6400,1.799986
_678_,VPWR,li1,50.8300,95.2000,1.799928
_677_,VPWR,li1,65.0900,29.9200,1.799909
_676_,VPWR,li1,57.7300,29.9200,1.799911
_675_,VPWR,li1,94.5300,89.7600,1.799898
_674_,VPWR,li1,92.0000,73.4400,1.799887
_673_,VPWR,li1,91.3100,84.3200,1.799761
_672_,VPWR,li1,88.5500,89.7600,1.799901
_671_,VPWR,li1,87.4000,89.7600,1.799901
_670_,VPWR,li1,79.3500,89.7600,1.799909
_669_,VPWR,li1,76.1300,95.2000,1.799896
_668_,VPWR,li1,74.9800,89.7600,1.799912
_667_,VPWR,li1,74.7500,84.3200,1.799799
_666_,VPWR,li1,73.6000,78.8800,1.799903
_665_,VPWR,li1,72.9100,84.3200,1.799804
_664_,VPWR,li1,68.3100,84.3200,1.799816
_663_,VPWR,li1,63.4800,78.8800,1.799917
_662_,VPWR,li1,55.4300,95.2000,1.799923
_661_,VPWR,li1,48.0700,95.2000,1.799935
_660_,VPWR,li1,48.0700,95.2000,1.799935
_659_,VPWR,li1,21.8500,100.6400,1.799992
_658_,VPWR,li1,16.7900,100.6400,1.799992
_657_,VPWR,li1,15.6400,89.7600,1.799977
_656_,VPWR,li1,21.6200,89.7600,1.799979
_655_,VPWR,li1,15.4100,95.2000,1.799979
_654_,VPWR,li1,14.9500,95.2000,1.799979
_653_,VPWR,li1,11.9600,84.3200,1.799960
_652_,VPWR,li1,45.3100,100.6400,1.799977
_651_,VPWR,li1,42.0900,95.2000,1.799942
_650_,VPWR,li1,42.0900,100.6400,1.799979
_649_,VPWR,li1,41.1700,89.7600,1.799949
_648_,VPWR,li1,35.1900,100.6400,1.799983
_647_,VPWR,li1,33.1200,95.2000,1.799959
_646_,VPWR,li1,53.1300,89.7600,1.799935
_645_,VPWR,li1,73.6000,29.9200,1.799907
_644_,VPWR,li1,67.3900,29.9200,1.799908
_643_,VPWR,li1,79.1200,29.9200,1.799906
_642_,VPWR,li1,81.1900,29.9200,1.799906
_641_,VPWR,li1,83.4900,29.9200,1.799906
_640_,VPWR,li1,62.7900,29.9200,1.799909
_639_,VPWR,li1,58.8800,24.4800,1.799906
_638_,VPWR,li1,92.6900,78.8800,1.799881
_637_,VPWR,li1,86.9400,68.0000,1.799873
_636_,VPWR,li1,92.6900,78.8800,1.799881
_635_,VPWR,li1,88.0900,78.8800,1.799886
_634_,VPWR,li1,90.3900,84.3200,1.799764
_633_,VPWR,li1,90.3900,89.7600,1.799900
_632_,VPWR,li1,89.4700,35.3600,1.799776
_631_,VPWR,li1,86.2500,24.4800,1.799902
_630_,VPWR,li1,86.2500,29.9200,1.799905
_629_,VPWR,li1,62.5600,29.9200,1.799909
_628_,VPWR,li1,62.1000,24.4800,1.799906
_627_,VPWR,li1,59.1100,24.4800,1.799906
_626_,VPWR,li1,55.8900,24.4800,1.799907
_625_,VPWR,li1,54.9700,29.9200,1.799912
_624_,VPWR,li1,53.8200,24.4800,1.799908
_623_,VPWR,li1,86.2500,84.3200,1.799770
_622_,VPWR,li1,85.3300,89.7600,1.799903
_621_,VPWR,li1,83.4900,84.3200,1.799780
_620_,VPWR,li1,77.5100,84.3200,1.799792
_619_,VPWR,li1,69.0000,78.8800,1.799908
_618_,VPWR,li1,66.2400,78.8800,1.799912
_617_,VPWR,li1,66.0100,84.3200,1.799824
_616_,VPWR,li1,62.7900,84.3200,1.799830
_615_,VPWR,li1,60.0300,84.3200,1.799837
_614_,VPWR,li1,61.6400,73.4400,1.799908
_613_,VPWR,li1,80.2700,78.8800,1.799895
_612_,VPWR,li1,77.5100,78.8800,1.799900
_611_,VPWR,li1,54.0500,84.3200,1.799853
_610_,VPWR,li1,51.7500,89.7600,1.799937
_609_,VPWR,li1,50.3700,89.7600,1.799937
_608_,VPWR,li1,24.1500,89.7600,1.799973
_607_,VPWR,li1,20.4700,84.3200,1.799962
_606_,VPWR,li1,20.2400,95.2000,1.799980
_605_,VPWR,li1,13.5700,89.7600,1.799975
_604_,VPWR,li1,14.7200,84.3200,1.799961
_603_,VPWR,li1,8.0500,78.8800,1.799972
_602_,VPWR,li1,11.7300,95.2000,1.799979
_601_,VPWR,li1,11.0400,78.8800,1.799973
_600_,VPWR,li1,11.0400,84.3200,1.799960
_599_,VPWR,li1,22.3100,84.3200,1.799956
_598_,VPWR,li1,47.6100,84.3200,1.799872
_597_,VPWR,li1,42.5500,89.7600,1.799949
_596_,VPWR,li1,34.2700,95.2000,1.799955
_595_,VPWR,li1,35.6500,95.2000,1.799955
_594_,VPWR,li1,31.9700,89.7600,1.799963
_593_,VPWR,li1,29.6700,95.2000,1.799963
_592_,VPWR,li1,27.8300,100.6400,1.799988
_591_,VPWR,li1,28.0600,95.2000,1.799968
_590_,VPWR,li1,43.4700,84.3200,1.799888
_589_,VPWR,li1,42.5500,78.8800,1.799944
_588_,VPWR,li1,49.4500,73.4400,1.799923
_587_,VPWR,li1,87.6300,73.4400,1.799889
_586_,VPWR,li1,94.9900,62.5600,1.799862
_585_,VPWR,li1,92.9200,57.1200,1.799816
_584_,VPWR,li1,92.6900,68.0000,1.799867
_583_,VPWR,li1,93.6100,73.4400,1.799887
_582_,VPWR,li1,90.3900,62.5600,1.799864
_581_,VPWR,li1,92.2300,68.0000,1.799867
_580_,VPWR,li1,89.4700,73.4400,1.799888
_579_,VPWR,li1,81.6500,68.0000,1.799881
_578_,VPWR,li1,83.4900,73.4400,1.799892
_577_,VPWR,li1,79.3500,73.4400,1.799894
_576_,VPWR,li1,77.9700,73.4400,1.799896
_575_,VPWR,li1,74.2900,62.5600,1.799880
_574_,VPWR,li1,75.2100,73.4400,1.799898
_573_,VPWR,li1,72.2200,73.4400,1.799900
_572_,VPWR,li1,71.5300,68.0000,1.799896
_571_,VPWR,li1,68.3100,73.4400,1.799903
_570_,VPWR,li1,64.4000,68.0000,1.799909
_569_,VPWR,li1,65.5500,73.4400,1.799905
_568_,VPWR,li1,65.0900,73.4400,1.799905
_567_,VPWR,li1,61.8700,78.8800,1.799917
_566_,VPWR,li1,62.1000,73.4400,1.799908
_565_,VPWR,li1,80.7300,62.5600,1.799873
_564_,VPWR,li1,54.0500,73.4400,1.799914
_563_,VPWR,li1,52.2100,73.4400,1.799917
_562_,VPWR,li1,53.5900,78.8800,1.799928
_561_,VPWR,li1,49.4500,78.8800,1.799935
_560_,VPWR,li1,46.6900,73.4400,1.799926
_559_,VPWR,li1,46.2300,78.8800,1.799938
_558_,VPWR,li1,42.7800,84.3200,1.799888
_557_,VPWR,li1,43.0100,78.8800,1.799944
_556_,VPWR,li1,40.9400,73.4400,1.799939
_555_,VPWR,li1,39.3300,84.3200,1.799902
_554_,VPWR,li1,38.4100,89.7600,1.799954
_553_,VPWR,li1,34.7300,84.3200,1.799914
_552_,VPWR,li1,30.5900,84.3200,1.799928
_551_,VPWR,li1,29.6700,89.7600,1.799966
_550_,VPWR,li1,26.9100,95.2000,1.799968
_549_,VPWR,li1,28.9800,84.3200,1.799934
_548_,VPWR,li1,30.1300,73.4400,1.799958
_547_,VPWR,li1,25.5300,78.8800,1.799969
_546_,VPWR,li1,22.3100,73.4400,1.799976
_545_,VPWR,li1,21.3900,78.8800,1.799976
_544_,VPWR,li1,20.2400,68.0000,1.799976
_543_,VPWR,li1,18.1700,78.8800,1.799974
_542_,VPWR,li1,17.0200,78.8800,1.799974
_541_,VPWR,li1,14.0300,78.8800,1.799973
_540_,VPWR,li1,15.6400,73.4400,1.799974
_539_,VPWR,li1,14.0300,73.4400,1.799974
_538_,VPWR,li1,13.1100,78.8800,1.799973
_537_,VPWR,li1,14.4900,84.3200,1.799961
_536_,VPWR,li1,10.5800,73.4400,1.799974
_535_,VPWR,li1,11.2700,68.0000,1.799974
_534_,VPWR,li1,26.4500,62.5600,1.799960
_533_,VPWR,li1,52.9000,62.5600,1.799907
_532_,VPWR,li1,90.8500,35.3600,1.799776
_531_,VPWR,li1,90.3900,19.0400,1.799736
_530_,VPWR,li1,87.4000,19.0400,1.799736
_529_,VPWR,li1,86.2500,19.0400,1.799736
_528_,VPWR,li1,84.4100,13.6000,1.799902
_527_,VPWR,li1,79.5800,13.6000,1.799902
_526_,VPWR,li1,76.1300,13.6000,1.799902
_525_,VPWR,li1,58.6500,19.0400,1.799745
_524_,VPWR,li1,55.6600,19.0400,1.799747
_523_,VPWR,li1,59.1100,13.6000,1.799906
_522_,VPWR,li1,58.6500,19.0400,1.799745
_521_,VPWR,li1,55.8900,19.0400,1.799747
_520_,VPWR,li1,62.1000,19.0400,1.799744
_519_,VPWR,li1,90.3900,29.9200,1.799905
_518_,VPWR,li1,92.6900,51.6800,1.799819
_517_,VPWR,li1,90.3900,40.8000,1.799685
_516_,VPWR,li1,85.3300,51.6800,1.799827
_515_,VPWR,li1,88.3200,51.6800,1.799822
_514_,VPWR,li1,88.3200,57.1200,1.799824
_513_,VPWR,li1,84.8700,57.1200,1.799828
_512_,VPWR,li1,90.8500,62.5600,1.799864
_511_,VPWR,li1,92.2300,29.9200,1.799904
_510_,VPWR,li1,92.9200,24.4800,1.799902
_509_,VPWR,li1,90.3900,24.4800,1.799902
_508_,VPWR,li1,93.1500,19.0400,1.799736
_507_,VPWR,li1,86.2500,24.4800,1.799902
_506_,VPWR,li1,84.4100,19.0400,1.799737
_505_,VPWR,li1,61.6400,24.4800,1.799906
_504_,VPWR,li1,79.8100,19.0400,1.799738
_503_,VPWR,li1,79.5800,19.0400,1.799738
_502_,VPWR,li1,76.1300,13.6000,1.799902
_501_,VPWR,li1,71.7600,13.6000,1.799903
_500_,VPWR,li1,72.4500,13.6000,1.799902
_499_,VPWR,li1,63.2500,13.6000,1.799904
_498_,VPWR,li1,67.6200,19.0400,1.799741
_497_,VPWR,li1,60.9500,19.0400,1.799744
_496_,VPWR,li1,86.0200,62.5600,1.799868
_495_,VPWR,li1,86.9400,57.1200,1.799824
_494_,VPWR,li1,85.7900,62.5600,1.799868
_493_,VPWR,li1,79.8100,62.5600,1.799875
_492_,VPWR,li1,79.1200,57.1200,1.799841
_491_,VPWR,li1,78.4300,57.1200,1.799841
_490_,VPWR,li1,76.3600,57.1200,1.799845
_489_,VPWR,li1,77.0500,62.5600,1.799877
_488_,VPWR,li1,66.2400,62.5600,1.799889
_487_,VPWR,li1,73.3700,62.5600,1.799882
_486_,VPWR,li1,67.8500,62.5600,1.799889
_485_,VPWR,li1,68.0800,68.0000,1.799903
_484_,VPWR,li1,65.0900,68.0000,1.799905
_483_,VPWR,li1,63.2500,62.5600,1.799895
_482_,VPWR,li1,61.6400,62.5600,1.799895
_481_,VPWR,li1,61.1800,57.1200,1.799877
_480_,VPWR,li1,59.1100,73.4400,1.799911
_479_,VPWR,li1,53.5900,62.5600,1.799905
_478_,VPWR,li1,57.2700,62.5600,1.799900
_477_,VPWR,li1,48.7600,62.5600,1.799912
_476_,VPWR,li1,49.2200,62.5600,1.799912
_475_,VPWR,li1,48.0700,68.0000,1.799930
_474_,VPWR,li1,40.7100,62.5600,1.799929
_473_,VPWR,li1,43.2400,68.0000,1.799940
_472_,VPWR,li1,44.8500,73.4400,1.799931
_471_,VPWR,li1,36.1100,78.8800,1.799952
_470_,VPWR,li1,37.7200,73.4400,1.799945
_469_,VPWR,li1,34.0400,73.4400,1.799950
_468_,VPWR,li1,32.2000,78.8800,1.799960
_467_,VPWR,li1,24.8400,73.4400,1.799968
_466_,VPWR,li1,28.9800,73.4400,1.799963
_465_,VPWR,li1,32.8900,84.3200,1.799920
_464_,VPWR,li1,37.0300,68.0000,1.799949
_463_,VPWR,li1,27.1400,62.5600,1.799960
_462_,VPWR,li1,28.9800,68.0000,1.799965
_461_,VPWR,li1,22.5400,68.0000,1.799977
_460_,VPWR,li1,22.5400,62.5600,1.799972
_459_,VPWR,li1,12.8800,62.5600,1.799969
_458_,VPWR,li1,18.4000,62.5600,1.799970
_457_,VPWR,li1,14.2600,62.5600,1.799969
_456_,VPWR,li1,18.4000,57.1200,1.799969
_455_,VPWR,li1,9.2000,62.5600,1.799969
_454_,VPWR,li1,13.3400,57.1200,1.799968
_453_,VPWR,li1,10.5800,51.6800,1.799963
_452_,VPWR,li1,12.1900,57.1200,1.799968
_451_,VPWR,li1,11.7300,68.0000,1.799974
_450_,VPWR,li1,49.4500,51.6800,1.799891
_449_,VPWR,li1,94.9900,40.8000,1.799684
_448_,VPWR,li1,88.0900,40.8000,1.799686
_447_,VPWR,li1,63.4800,40.8000,1.799704
_446_,VPWR,li1,67.1600,40.8000,1.799701
_445_,VPWR,li1,62.3300,40.8000,1.799704
_444_,VPWR,li1,39.3300,46.2400,1.799840
_443_,VPWR,li1,33.5800,46.2400,1.799857
_442_,VPWR,li1,81.6500,40.8000,1.799690
_441_,VPWR,li1,76.1300,40.8000,1.799694
_440_,VPWR,li1,87.1700,40.8000,1.799686
_439_,VPWR,li1,83.7200,46.2400,1.799708
_438_,VPWR,li1,87.4000,46.2400,1.799701
_437_,VPWR,li1,79.1200,40.8000,1.799692
_436_,VPWR,li1,74.7500,46.2400,1.799730
_435_,VPWR,li1,71.7600,46.2400,1.799734
_434_,VPWR,li1,72.2200,35.3600,1.799785
_433_,VPWR,li1,71.5300,46.2400,1.799734
_432_,VPWR,li1,68.3100,46.2400,1.799745
_431_,VPWR,li1,65.3200,51.6800,1.799860
_430_,VPWR,li1,48.0700,46.2400,1.799801
_429_,VPWR,li1,43.0100,46.2400,1.799819
_428_,VPWR,li1,84.8700,46.2400,1.799705
_427_,VPWR,li1,88.5500,51.6800,1.799822
_426_,VPWR,li1,80.7300,51.6800,1.799834
_425_,VPWR,li1,81.1900,35.3600,1.799781
_424_,VPWR,li1,78.4300,35.3600,1.799782
_423_,VPWR,li1,78.8900,24.4800,1.799903
_422_,VPWR,li1,71.3000,35.3600,1.799786
_421_,VPWR,li1,68.0800,35.3600,1.799787
_420_,VPWR,li1,76.3600,24.4800,1.799903
_419_,VPWR,li1,75.4400,24.4800,1.799903
_418_,VPWR,li1,74.2900,19.0400,1.799739
_417_,VPWR,li1,72.4500,24.4800,1.799904
_416_,VPWR,li1,68.0800,24.4800,1.799904
_415_,VPWR,li1,74.7500,19.0400,1.799739
_414_,VPWR,li1,71.7600,19.0400,1.799740
_413_,VPWR,li1,64.6300,19.0400,1.799742
_412_,VPWR,li1,78.8900,46.2400,1.799717
_411_,VPWR,li1,79.5800,46.2400,1.799717
_410_,VPWR,li1,78.4300,51.6800,1.799839
_409_,VPWR,li1,75.6700,51.6800,1.799842
_408_,VPWR,li1,75.6700,51.6800,1.799842
_407_,VPWR,li1,65.3200,46.2400,1.799752
_406_,VPWR,li1,62.3300,46.2400,1.799756
_405_,VPWR,li1,75.9000,57.1200,1.799850
_404_,VPWR,li1,68.0800,57.1200,1.799863
_403_,VPWR,li1,72.4500,57.1200,1.799853
_402_,VPWR,li1,66.0100,57.1200,1.799868
_401_,VPWR,li1,63.0200,51.6800,1.799865
_400_,VPWR,li1,71.5300,57.1200,1.799858
_399_,VPWR,li1,63.0200,57.1200,1.799873
_398_,VPWR,li1,49.6800,51.6800,1.799891
_397_,VPWR,li1,46.2300,51.6800,1.799899
_396_,VPWR,li1,45.5400,46.2400,1.799811
_395_,VPWR,li1,29.4400,46.2400,1.799873
_394_,VPWR,li1,42.0900,51.6800,1.799910
_393_,VPWR,li1,36.3400,51.6800,1.799926
_392_,VPWR,li1,36.8000,51.6800,1.799926
_391_,VPWR,li1,24.3800,46.2400,1.799897
_390_,VPWR,li1,32.2000,51.6800,1.799939
_389_,VPWR,li1,48.9900,57.1200,1.799904
_388_,VPWR,li1,29.6700,57.1200,1.799950
_387_,VPWR,li1,27.3700,51.6800,1.799951
_386_,VPWR,li1,23.2300,57.1200,1.799970
_385_,VPWR,li1,21.6200,57.1200,1.799970
_384_,VPWR,li1,20.9300,51.6800,1.799966
_383_,VPWR,li1,18.6300,51.6800,1.799965
_382_,VPWR,li1,15.6400,51.6800,1.799964
_381_,VPWR,li1,14.7200,51.6800,1.799964
_380_,VPWR,li1,24.3800,51.6800,1.799960
_379_,VPWR,li1,44.8500,57.1200,1.799914
_378_,VPWR,li1,35.8800,46.2400,1.799847
_377_,VPWR,li1,36.8000,62.5600,1.799939
_376_,VPWR,li1,41.1700,62.5600,1.799929
_375_,VPWR,li1,36.8000,68.0000,1.799949
_374_,VPWR,li1,40.2500,57.1200,1.799927
_373_,VPWR,li1,35.8800,62.5600,1.799939
_372_,VPWR,li1,34.5000,73.4400,1.799950
_371_,VPWR,li1,37.2600,57.1200,1.799933
_370_,VPWR,li1,17.7100,13.6000,1.799963
_369_,VPWR,li1,19.5500,19.0400,1.799884
